episode, reward, success, duration, steps, total_steps, memory length, avg_critic_loss, avg_actor_loss
501, 2487.5363943725824, 1, 3.7595767229995545, 30, 136553,                                             136553, 20.220855712890625, 208.13510131835938
502, 2152.9415779709816, 1, 21.54269734100035, 215, 136768,                                             136768, 19.8088321685791, 210.44454956054688
503, -3182.2341576218605, 3, 20.207175475999975, 203, 136971,                                             136971, 19.19182014465332, 209.79693603515625
504, 2153.7404972314835, 1, 14.676881576999676, 151, 137122,                                             137122, 19.968053817749023, 210.0041961669922
505, 1733.3880055248737, 1, 28.278679740999905, 278, 137400,                                             137400, 20.01166343688965, 209.7664031982422
506, 762.2906202971935, 1, 31.54326698099976, 314, 137714,                                             137714, 20.19432830810547, 210.0080108642578
507, 2096.3683926463127, 1, 33.92841814299982, 331, 138045,                                             138045, 19.085575103759766, 210.55093383789062
508, 363.7327007353306, 1, 49.085574721000285, 498, 138543,                                             138543, 19.88486671447754, 211.13075256347656
509, 2193.7727973759174, 1, 19.434670773000107, 176, 138719,                                             138719, 19.269424438476562, 208.44395446777344
510, 2210.548193514347, 1, 13.424687618000007, 132, 138851,                                             138851, 19.676448822021484, 209.63653564453125
511, 2046.948158055544, 1, 25.38195890499992, 231, 139082,                                             139082, 19.343442916870117, 208.17935180664062
512, -3256.3756831884384, 3, 32.36847638399968, 307, 139389,                                             139389, 20.422435760498047, 209.4763946533203
513, -2463.7018342018127, 3, 13.88227275700001, 118, 139507,                                             139507, 19.207035064697266, 209.75347900390625
514, 2215.945226252079, 1, 14.13695855700007, 118, 139625,                                             139625, 18.968364715576172, 209.99993896484375
515, 2045.8736670017242, 1, 20.141747232999933, 151, 139776,                                             139776, 19.79008674621582, 210.25852966308594
516, 1953.1675800085068, 1, 17.096487758999956, 136, 139912,                                             139912, 22.4407958984375, 208.9034423828125
517, 2018.9844940900803, 1, 18.811210887000016, 156, 140068,                                             140068, 20.259693145751953, 207.2790985107422
518, 2251.8586570322514, 1, 24.958793411999977, 205, 140273,                                             140273, 21.249441146850586, 207.2476043701172
519, 2000.423845410347, 1, 34.94238752599995, 334, 140607,                                             140607, 20.624116897583008, 208.72779846191406
520, 1994.0907022207975, 1, 36.15508547899981, 367, 140974,                                             140974, 20.5102596282959, 208.43272399902344
521, 2135.6861131489277, 1, 23.664645989999826, 237, 141211,                                             141211, 19.10964012145996, 207.53549194335938
522, 1646.5408355742693, 1, 54.89963103299988, 499, 141710,                                             141710, 20.372507095336914, 208.1159210205078
523, 1413.40965372324, 1, 47.643971190999764, 413, 142123,                                             142123, 19.468591690063477, 206.97854614257812
524, 2263.6745970845222, 1, 13.285500623000189, 124, 142247,                                             142247, 19.807138442993164, 209.7865447998047
525, 2229.723841816187, 1, 25.071390625000276, 170, 142417,                                             142417, 22.331613540649414, 209.6237335205078
526, 1997.3192353397608, 1, 47.44827589799979, 303, 142720,                                             142720, 20.254270553588867, 206.1856231689453
527, 1473.753555715084, 1, 67.56366923899986, 428, 143148,                                             143148, 20.362947463989258, 207.3221435546875
528, 2250.154011785984, 1, 15.919443565000165, 137, 143285,                                             143285, 19.747522354125977, 204.9937744140625
529, 2055.688202381134, 1, 19.31176673500022, 156, 143441,                                             143441, 19.92563247680664, 205.2970428466797
530, 2030.1511972248554, 1, 30.3460230390001, 286, 143727,                                             143727, 18.553524017333984, 206.74240112304688
531, 2107.9061634242535, 1, 25.25877710900022, 242, 143969,                                             143969, 21.455778121948242, 206.9905548095703
532, 1909.6017357707024, 1, 21.39695079000012, 218, 144187,                                             144187, 19.52945327758789, 206.64297485351562
533, 1354.4281994700432, 1, 18.02544976099989, 194, 144381,                                             144381, 19.623510360717773, 202.83738708496094
534, 1683.4724211096764, 1, 23.18878089000009, 249, 144630,                                             144630, 20.208295822143555, 204.33448791503906
535, 1451.0326435267925, 1, 42.180369061999954, 455, 145085,                                             145085, 20.489206314086914, 203.71336364746094
536, 1862.5240004956722, 1, 35.262840891999986, 365, 145450,                                             145450, 20.265390396118164, 204.20535278320312
537, 1821.0444405972958, 1, 46.18560604300001, 480, 145930,                                             145930, 19.460065841674805, 203.02639770507812
538, 2223.501606196165, 1, 16.357029655999668, 161, 146091,                                             146091, 20.493900299072266, 202.78346252441406
539, 2247.6448344886303, 1, 17.698284104000322, 187, 146278,                                             146278, 20.880290985107422, 204.4459228515625
540, 1440.4675332605839, 1, 28.28948060899984, 298, 146576,                                             146576, 21.114181518554688, 202.9843292236328
541, 2085.8261056542397, 1, 19.098626315000274, 196, 146772,                                             146772, 20.66860580444336, 199.82742309570312
542, 2264.5610071122646, 1, 15.767341446000046, 165, 146937,                                             146937, 19.419363021850586, 200.6309356689453
543, 1679.8912582695484, 1, 46.2019827500003, 464, 147401,                                             147401, 20.205562591552734, 201.3789520263672
544, 1455.8552480638027, 1, 47.30643893600018, 498, 147899,                                             147899, 18.84844207763672, 198.7601776123047
545, 2041.1225151121616, 1, 19.789617886000087, 207, 148106,                                             148106, 20.716182708740234, 198.9385223388672
546, 1639.912322372198, 1, 16.98096438199991, 173, 148279,                                             148279, 18.5906982421875, 199.3319854736328
547, 1808.0409651398659, 1, 43.50179183, 466, 148745,                                             148745, 20.61356544494629, 200.28431701660156
548, -2484.763897895813, 3, 8.210839780000242, 86, 148831,                                             148831, 17.872140884399414, 199.16004943847656
549, 2192.5769241452217, 1, 21.788240590999976, 220, 149051,                                             149051, 19.608436584472656, 199.31837463378906
550, 1040.7273475527763, 1, 23.04390120800008, 244, 149295,                                             149295, 18.339630126953125, 199.3177032470703
551, 2178.8777547478676, 1, 18.224774232000073, 189, 149484,                                             149484, 19.506622314453125, 198.06109619140625
552, 1953.1363321244717, 1, 38.95947930400007, 401, 149885,                                             149885, 18.545801162719727, 196.30955505371094
553, 2163.3891118764877, 1, 21.23575038600029, 187, 150072,                                             150072, 21.001310348510742, 196.78770446777344
554, 2210.5716618299484, 1, 29.232054976999734, 243, 150315,                                             150315, 20.196687698364258, 197.9932098388672
555, 1640.291994303465, 1, 42.20917816000019, 407, 150722,                                             150722, 19.820987701416016, 195.94833374023438
556, 1918.3922460377216, 1, 45.451498421999986, 476, 151198,                                             151198, 19.990873336791992, 197.35374450683594
557, 1981.3105629384518, 1, 30.18195505099993, 305, 151503,                                             151503, 19.91083526611328, 194.7333526611328
558, 2211.3335522413254, 1, 19.014903346999745, 193, 151696,                                             151696, 18.645862579345703, 194.92747497558594
559, -2772.0827214717865, 2, 19.559255099999973, 217, 151913,                                             151913, 19.933942794799805, 196.3314971923828
560, 2286.354954779148, 1, 10.3800708509998, 102, 152015,                                             152015, 19.999404907226562, 195.6607666015625
561, 2353.162780702114, 1, 10.35341701599964, 111, 152126,                                             152126, 19.334964752197266, 192.66156005859375
562, 1305.760727673769, 1, 47.66165878699985, 471, 152597,                                             152597, 19.32632827758789, 194.53530883789062
563, -4654.477004945278, 2, 38.22686048999958, 353, 152950,                                             152950, 19.169692993164062, 193.29583740234375
564, 2279.433586061001, 1, 17.8594373169999, 168, 153118,                                             153118, 21.05255126953125, 194.9425048828125
565, 1403.9549079090357, 1, 60.397174719000304, 457, 153575,                                             153575, 19.958168029785156, 194.05862426757812
566, 1144.3550706803799, 1, 40.86220443399998, 296, 153871,                                             153871, 19.222259521484375, 193.5151824951172
567, 2174.7657943964005, 1, 30.577242320000096, 201, 154072,                                             154072, 17.91482925415039, 193.10987854003906
568, 1540.8118305802345, 1, 28.696530330000314, 209, 154281,                                             154281, 18.296316146850586, 192.10458374023438
569, 2265.6593936681747, 1, 18.233367298999838, 152, 154433,                                             154433, 20.445877075195312, 191.83642578125
570, 2314.3299557566643, 1, 11.049775110000155, 91, 154524,                                             154524, 19.77583122253418, 191.7818145751953
571, 2172.993311494589, 1, 22.744917240000177, 182, 154706,                                             154706, 19.215232849121094, 192.9817352294922
572, 770.409064412117, 1, 51.55456694199984, 442, 155148,                                             155148, 19.42658042907715, 192.21743774414062
573, 2400.0280990302563, 1, 11.636502697999276, 93, 155241,                                             155241, 19.488258361816406, 192.60121154785156
574, 1115.0742399990559, 1, 49.6971945260002, 404, 155645,                                             155645, 20.589111328125, 193.536865234375
575, 2237.947216928005, 1, 20.389709191999827, 148, 155793,                                             155793, 20.87215232849121, 192.2348175048828
576, -2823.8173983097076, 2, 15.264661834000435, 120, 155913,                                             155913, 17.042680740356445, 191.23504638671875
577, -2711.703663110733, 3, 18.083972839000126, 149, 156062,                                             156062, 18.902198791503906, 193.87673950195312
578, 2311.4811228215694, 1, 17.963633228999242, 157, 156219,                                             156219, 19.50046730041504, 192.8732147216797
579, 2017.2319220602512, 1, 31.37038868899981, 288, 156507,                                             156507, 19.52604866027832, 193.40040588378906
580, 2111.8739165067673, 1, 20.73126320600022, 187, 156694,                                             156694, 20.476266860961914, 192.19232177734375
581, 1558.0770323872566, 1, 23.637959210999725, 223, 156917,                                             156917, 18.347166061401367, 192.34971618652344
582, 1894.2911635637283, 1, 38.25172420200033, 348, 157265,                                             157265, 20.01175880432129, 191.32003784179688
583, 1685.8682233691216, 1, 28.59778363699934, 261, 157526,                                             157526, 17.920305252075195, 190.07752990722656
584, 2165.043078482151, 1, 22.18371354499959, 192, 157718,                                             157718, 21.15668296813965, 191.99012756347656
585, 1885.1015849113464, 1, 32.83606905099987, 291, 158009,                                             158009, 19.55814552307129, 190.3092803955078
586, 1698.4915808439255, 1, 33.525641864000136, 307, 158316,                                             158316, 19.225982666015625, 189.8885040283203
587, -3091.223052442074, 3, 18.92094313799953, 173, 158489,                                             158489, 19.46290397644043, 191.45974731445312
588, 2124.3871262967587, 1, 16.628942069000004, 148, 158637,                                             158637, 18.41145133972168, 192.0350799560547
589, 1782.250853419304, 1, 37.66202176099978, 282, 158919,                                             158919, 20.16512680053711, 189.88853454589844
590, 2312.475184082985, 1, 17.314257968000675, 104, 159023,                                             159023, 20.428556442260742, 190.05963134765625
591, 1905.7596180140972, 1, 29.330894985999294, 196, 159219,                                             159219, 18.313846588134766, 190.0033416748047
592, 1993.4201538413763, 1, 44.74096638999981, 332, 159551,                                             159551, 19.907983779907227, 187.7823028564453
593, 2033.8081225156784, 1, 37.65297697099959, 249, 159800,                                             159800, 19.655550003051758, 189.0769805908203
594, 2143.402808368206, 1, 28.8741351030003, 180, 159980,                                             159980, 19.455230712890625, 187.50277709960938
595, 2267.507729679346, 1, 19.24807127999975, 139, 160119,                                             160119, 19.442054748535156, 187.8432159423828
596, 1553.2036489248276, 1, 19.93234068699985, 140, 160259,                                             160259, 19.096370697021484, 186.682373046875
597, 1864.7692558467388, 1, 37.508452821999526, 241, 160500,                                             160500, 19.568038940429688, 185.57449340820312
598, 2349.397473216057, 1, 21.090144234000036, 144, 160644,                                             160644, 19.310134887695312, 187.03497314453125
599, 1471.3608313798904, 1, 46.21366634599963, 312, 160956,                                             160956, 18.658382415771484, 186.64613342285156
600, 2141.970029294491, 1, 30.296980393999547, 213, 161169,                                             161169, 19.997150421142578, 189.74908447265625
601, 2093.0810074210167, 1, 29.600036547000855, 234, 161403,                                             161403, 19.725894927978516, 186.2166290283203
602, 1592.1310144215822, 1, 60.40301083399936, 517, 161920,                                             161920, 19.25847053527832, 186.0664825439453
603, 2026.9222218990326, 1, 19.755431587000203, 173, 162093,                                             162093, 19.575979232788086, 184.47836303710938
604, 2169.4616779386997, 1, 32.18482584999947, 291, 162384,                                             162384, 19.21615219116211, 185.76217651367188
605, 1986.8402103185654, 1, 40.339579376000074, 359, 162743,                                             162743, 19.698780059814453, 184.9833984375
606, 1868.7689310908318, 1, 41.7836645819998, 378, 163121,                                             163121, 18.216833114624023, 183.3563232421875
607, 1804.0393551588058, 1, 31.23747680299948, 272, 163393,                                             163393, 18.2731876373291, 183.96461486816406
608, 2263.639362037182, 1, 14.061133856000197, 119, 163512,                                             163512, 17.517333984375, 182.21990966796875
609, 1631.807913184166, 1, 39.880600505000075, 332, 163844,                                             163844, 18.922048568725586, 183.33447265625
610, 1154.449343264103, 1, 46.137888510000266, 404, 164248,                                             164248, 19.492591857910156, 182.80172729492188
611, 2054.921817868948, 1, 29.340028134000022, 257, 164505,                                             164505, 18.63230323791504, 180.95562744140625
612, 818.4185779988766, 1, 29.36988147000011, 250, 164755,                                             164755, 18.68998908996582, 182.22853088378906
613, 2032.2577611207962, 1, 27.870887973000208, 226, 164981,                                             164981, 19.202146530151367, 182.50160217285156
614, 1502.8457352817059, 1, 35.08517071700044, 268, 165249,                                             165249, 18.986812591552734, 180.39793395996094
615, -3184.955521941185, 3, 13.404913004000264, 104, 165353,                                             165353, 18.359615325927734, 180.1112518310547
616, 2023.4901963472366, 1, 24.620937379999305, 218, 165571,                                             165571, 18.73703956604004, 181.76756286621094
617, 2027.409432142973, 1, 41.64056892899953, 326, 165897,                                             165897, 18.221681594848633, 181.68551635742188
618, 1689.1005144417286, 1, 69.16623497100045, 332, 166229,                                             166229, 19.343791961669922, 180.741943359375
619, 1980.31244713068, 1, 47.16809751599976, 234, 166463,                                             166463, 19.082538604736328, 182.09963989257812
620, 1804.217858105898, 1, 37.19330926800012, 231, 166694,                                             166694, 17.954565048217773, 183.92138671875
621, 2088.4934087991714, 1, 39.33606022499953, 233, 166927,                                             166927, 19.308982849121094, 179.9075927734375
622, 1950.8636396229267, 1, 32.66600600000038, 369, 167296,                                             167296, 18.56125831604004, 181.0647430419922
623, 1873.0284348726273, 1, 24.220473822000713, 287, 167583,                                             167583, 19.77933692932129, 180.91383361816406
624, 2132.4787358641624, 1, 20.0990350510001, 249, 167832,                                             167832, 18.477800369262695, 179.39002990722656
625, 1605.5086765885353, 1, 18.657972912999867, 236, 168068,                                             168068, 18.581523895263672, 179.27029418945312
626, 1910.360014691949, 1, 13.692222544999822, 160, 168228,                                             168228, 18.18410301208496, 178.68186950683594
627, 1163.8655247986317, 1, 38.32690800099954, 509, 168737,                                             168737, 19.0679931640625, 179.04933166503906
628, 1788.1607482135296, 1, 31.801971334999507, 421, 169158,                                             169158, 18.742868423461914, 178.465576171875
629, 1932.3541421294212, 1, 20.32136530600019, 249, 169407,                                             169407, 18.261497497558594, 178.31260681152344
630, 2200.976878464222, 1, 14.881620779999139, 188, 169595,                                             169595, 19.622943878173828, 178.5625457763672
631, 1188.8728623390198, 1, 20.797363180000502, 267, 169862,                                             169862, 18.643217086791992, 177.3555908203125
632, 2206.6359735131264, 1, 14.131184515000314, 186, 170048,                                             170048, 17.940757751464844, 177.41159057617188
633, 2216.172105550766, 1, 10.994625231999635, 123, 170171,                                             170171, 19.33358383178711, 176.71156311035156
634, 2256.5147372484207, 1, 16.655095570000412, 187, 170358,                                             170358, 18.12555694580078, 178.47373962402344
635, 2129.5181272923946, 1, 18.885138804000235, 224, 170582,                                             170582, 18.022205352783203, 177.24440002441406
636, 1610.5333778560162, 1, 32.00848505399972, 349, 170931,                                             170931, 18.614479064941406, 177.44764709472656
637, 2369.821400105953, 1, 9.581226317000073, 89, 171020,                                             171020, 17.576662063598633, 176.1693115234375
638, 2196.3758419156075, 1, 18.7981333000007, 221, 171241,                                             171241, 16.210302352905273, 173.61050415039062
639, -2504.740749835968, 2, 9.040538430000197, 111, 171352,                                             171352, 19.08704948425293, 176.6293487548828
640, 1956.3485897183418, 1, 15.245493841999632, 178, 171530,                                             171530, 19.351940155029297, 176.65318298339844
641, 1674.3773223757744, 1, 29.63131893500031, 358, 171888,                                             171888, 19.099042892456055, 176.31105041503906
642, 1724.4838733673096, 1, 34.41591103600058, 398, 172286,                                             172286, 18.590673446655273, 175.5507354736328
643, 741.7809990644455, 1, 44.5703818410002, 517, 172803,                                             172803, 18.268447875976562, 176.28482055664062
644, -2664.8380286693573, 3, 2.760661477999747, 30, 172833,                                             172833, 16.621809005737305, 170.62306213378906
645, 1923.2561938762665, 1, 26.814506839000387, 341, 173174,                                             173174, 18.705049514770508, 173.7460174560547
646, 1617.1177432835102, 1, 42.02787664300013, 461, 173635,                                             173635, 18.91275405883789, 172.98480224609375
647, 2133.091518342495, 1, 19.212009886000487, 192, 173827,                                             173827, 18.705652236938477, 175.30104064941406
648, 1065.6403162181377, 1, 25.428522870999586, 259, 174086,                                             174086, 18.669635772705078, 174.99319458007812
649, 2050.2719049453735, 1, 17.63287165699967, 187, 174273,                                             174273, 19.192893981933594, 175.2955780029297
650, 2229.041695922613, 1, 15.851392201000635, 165, 174438,                                             174438, 17.82703971862793, 175.9615478515625
651, 2123.3890270739794, 1, 27.733134064000296, 286, 174724,                                             174724, 18.851415634155273, 172.97381591796875
652, 1069.0435770750046, 1, 45.26127530300073, 521, 175245,                                             175245, 18.84208869934082, 172.67556762695312
653, 1737.924734145403, 1, 41.4172528729996, 492, 175737,                                             175737, 18.68764877319336, 172.7383575439453
654, 1068.2854731082916, 1, 48.64086746900011, 572, 176309,                                             176309, 18.26231575012207, 170.6521453857422
655, 2364.6166076660156, 1, 9.40164542599996, 111, 176420,                                             176420, 17.05902862548828, 169.85235595703125
656, 2113.7970149815083, 1, 16.469117941999684, 197, 176617,                                             176617, 18.03961753845215, 169.5142822265625
657, 2201.367136836052, 1, 16.865261965999707, 204, 176821,                                             176821, 16.786420822143555, 170.29734802246094
658, 1606.4465169012547, 1, 36.53869025899985, 444, 177265,                                             177265, 17.64436149597168, 169.35833740234375
659, 1713.5114651620388, 1, 30.51677017700058, 374, 177639,                                             177639, 18.22987937927246, 170.383056640625
660, 2323.022622525692, 1, 10.991212934000032, 139, 177778,                                             177778, 17.944711685180664, 169.17446899414062
661, 1979.9707877635956, 1, 16.323965476000012, 203, 177981,                                             177981, 18.40204620361328, 168.79188537597656
662, 1750.0506130158901, 1, 26.53360392200011, 324, 178305,                                             178305, 18.933366775512695, 170.34837341308594
663, 804.4871917665005, 1, 34.300605843000085, 369, 178674,                                             178674, 18.38644790649414, 168.29598999023438
664, 2053.781742423773, 1, 26.599933321000208, 285, 178959,                                             178959, 19.564714431762695, 168.73385620117188
665, 1712.8487499058247, 1, 22.636385267999685, 262, 179221,                                             179221, 19.120361328125, 169.61488342285156
666, 2119.4773771464825, 1, 18.493382545000713, 234, 179455,                                             179455, 18.337026596069336, 166.3850860595703
667, 1523.776419788599, 1, 15.767790211999454, 198, 179653,                                             179653, 16.547414779663086, 167.38949584960938
668, 2169.6184353381395, 1, 17.032123354999385, 207, 179860,                                             179860, 19.46030044555664, 167.5554656982422
669, 1990.1702513843775, 1, 27.742185463999704, 345, 180205,                                             180205, 18.5347900390625, 166.20108032226562
670, 1969.357958316803, 1, 26.30973506600003, 330, 180535,                                             180535, 16.96967124938965, 165.67813110351562
671, 1346.3406106829643, 1, 11.563850055999865, 148, 180683,                                             180683, 16.191320419311523, 164.28761291503906
672, 2234.1290110349655, 1, 11.615742940000018, 133, 180816,                                             180816, 19.356130599975586, 165.72903442382812
673, 2182.1696439385414, 1, 12.261427206000008, 167, 180983,                                             180983, 18.439062118530273, 166.112060546875
674, 1753.9269598126411, 1, 20.171255040999313, 246, 181229,                                             181229, 16.924232482910156, 166.06854248046875
675, 664.1067240536213, 1, 38.18292038599975, 482, 181711,                                             181711, 16.626420974731445, 165.97552490234375
676, 2094.447118282318, 1, 19.600202160999288, 233, 181944,                                             181944, 17.946632385253906, 164.9709014892578
677, 1821.0198710560799, 1, 25.166980832000263, 317, 182261,                                             182261, 16.751018524169922, 164.36148071289062
678, 2029.9613325297832, 1, 23.87489682299929, 290, 182551,                                             182551, 16.453031539916992, 166.0790252685547
679, 2175.9648362100124, 1, 14.641745554000408, 192, 182743,                                             182743, 18.7226505279541, 164.1127471923828
680, 2207.873423963785, 1, 18.697279996999896, 241, 182984,                                             182984, 19.16649055480957, 164.68899536132812
681, 1965.8244423866272, 1, 30.20104873800028, 388, 183372,                                             183372, 17.913362503051758, 165.08299255371094
682, 1030.1086657345295, 1, 36.520746088000124, 475, 183847,                                             183847, 17.700204849243164, 164.75906372070312
683, 1298.4689566791058, 1, 31.38809242000025, 395, 184242,                                             184242, 18.260717391967773, 164.74546813964844
684, 1106.5069315582514, 1, 34.18292881399975, 400, 184642,                                             184642, 17.141647338867188, 163.70291137695312
685, 1031.6986078470945, 1, 31.40673840799991, 329, 184971,                                             184971, 17.65278434753418, 164.6737518310547
686, 921.4659757316113, 1, 38.486276041000565, 409, 185380,                                             185380, 18.627525329589844, 163.7017364501953
687, 1730.6499251127243, 1, 36.796509114999935, 415, 185795,                                             185795, 18.858169555664062, 163.4894561767578
688, 1769.9319679141045, 1, 37.78058428799977, 425, 186220,                                             186220, 19.354137420654297, 161.8508758544922
689, 1759.5663334280252, 1, 39.68946005700036, 471, 186691,                                             186691, 18.185157775878906, 161.1757354736328
690, 1692.4021952152252, 1, 35.796507611999914, 427, 187118,                                             187118, 18.30838394165039, 161.0113067626953
691, 1913.8700508475304, 1, 25.208841052000025, 310, 187428,                                             187428, 17.875972747802734, 161.59336853027344
692, 2095.987441390753, 1, 20.578757905999737, 268, 187696,                                             187696, 17.977930068969727, 160.6058807373047
693, 1969.2182660996914, 1, 18.23741191299996, 228, 187924,                                             187924, 18.11178207397461, 159.76141357421875
694, 2183.348916530609, 1, 21.343422674000067, 269, 188193,                                             188193, 17.877105712890625, 159.5729522705078
695, 1907.2590813040733, 1, 31.327368448000016, 401, 188594,                                             188594, 17.066871643066406, 160.13023376464844
696, 1901.8099195361137, 1, 26.01605396099967, 330, 188924,                                             188924, 17.54191017150879, 159.30953979492188
697, 1651.6549060940742, 1, 32.81443089299955, 386, 189310,                                             189310, 18.3614501953125, 159.89205932617188
698, 1110.2068879753351, 1, 43.43173564500012, 516, 189826,                                             189826, 16.082691192626953, 158.66856384277344
699, 1555.7191641926765, 1, 36.17290178799976, 436, 190262,                                             190262, 17.49982261657715, 159.06478881835938
700, 1511.2142072319984, 1, 22.67275976000019, 276, 190538,                                             190538, 18.513193130493164, 159.69271850585938
701, 1930.5728546380997, 1, 20.016280118000395, 247, 190785,                                             190785, 17.448057174682617, 157.81520080566406
702, 1853.6009017825127, 1, 26.469870296999943, 324, 191109,                                             191109, 16.84675407409668, 158.27691650390625
703, 483.46089565753937, 1, 45.924275433999355, 600, 191709,                                             191709, 18.043659210205078, 158.97137451171875
704, 1509.907912015915, 1, 26.656798944000002, 355, 192064,                                             192064, 16.839717864990234, 158.9759979248047
705, 1359.1540269851685, 1, 46.6266660780002, 588, 192652,                                             192652, 17.821285247802734, 157.56150817871094
706, 1912.7523432970047, 1, 31.392778189999262, 395, 193047,                                             193047, 16.83129119873047, 157.29299926757812
707, 427.8623553812504, 1, 31.95995236899944, 415, 193462,                                             193462, 17.639978408813477, 157.86953735351562
708, 1265.8603466749191, 1, 26.071807481999713, 315, 193777,                                             193777, 16.829851150512695, 156.9098358154297
709, 1959.9641124606133, 1, 26.70745732999967, 326, 194103,                                             194103, 17.660236358642578, 158.09158325195312
710, -2827.4241886138916, 3, 3.1764870350007186, 31, 194134,                                             194134, 15.956268310546875, 156.1553955078125
711, 2306.7964747548103, 1, 9.885793804000059, 128, 194262,                                             194262, 17.6114444732666, 159.31964111328125
712, 1429.9271385371685, 1, 29.620363820999955, 401, 194663,                                             194663, 17.395246505737305, 157.05506896972656
713, 2227.8125138878822, 1, 15.667068609000125, 191, 194854,                                             194854, 17.972736358642578, 156.67105102539062
714, 2119.179320037365, 1, 19.084917281000344, 248, 195102,                                             195102, 16.78529167175293, 154.76194763183594
715, -3093.1212112903595, 2, 14.815833763000228, 189, 195291,                                             195291, 17.422414779663086, 156.32330322265625
716, 2091.56698513031, 1, 18.25509508400046, 249, 195540,                                             195540, 17.218305587768555, 154.60208129882812
717, -3261.6903168559074, 3, 29.19671157999983, 356, 195896,                                             195896, 17.245840072631836, 154.17893981933594
718, 1705.3654550909996, 1, 19.946548328000063, 271, 196167,                                             196167, 18.70047378540039, 154.46437072753906
719, 1894.6822926998138, 1, 37.385964528999466, 450, 196617,                                             196617, 17.65776824951172, 153.16546630859375
720, -2442.5386568307877, 3, 10.793742509000367, 151, 196768,                                             196768, 17.654172897338867, 153.1029510498047
721, 1884.2692559957504, 1, 15.439128756001082, 198, 196966,                                             196966, 19.279096603393555, 153.25515747070312
722, 1912.6370539665222, 1, 26.131355121000524, 348, 197314,                                             197314, 18.325037002563477, 153.0433349609375
723, 1781.5678642094135, 1, 21.212013480999303, 286, 197600,                                             197600, 17.60063362121582, 154.9152374267578
724, -5026.156065374613, 3, 41.282291491999786, 540, 198140,                                             198140, 16.427804946899414, 153.04690551757812
725, 1836.685272037983, 1, 14.648945850000018, 196, 198336,                                             198336, 16.918249130249023, 152.5611114501953
726, -441.218092918396, 1, 49.12180467399958, 634, 198970,                                             198970, 17.092308044433594, 153.0944061279297
727, -2634.609377503395, 2, 8.00774286700107, 92, 199062,                                             199062, 15.467668533325195, 151.69947814941406
728, -4476.092318475246, 2, 41.40176167900063, 526, 199588,                                             199588, 17.016481399536133, 151.81991577148438
729, 2372.5376487374306, 1, 6.746507318999647, 82, 199670,                                             199670, 17.816587448120117, 153.1934356689453
730, 2056.7553160190582, 1, 20.269960199000707, 262, 199932,                                             199932, 17.386098861694336, 151.60011291503906
731, -3911.214678645134, 2, 15.611662242999955, 204, 200136,                                             200136, 16.717512130737305, 152.09324645996094
732, 2238.9609655439854, 1, 14.645209827000144, 185, 200321,                                             200321, 17.67770767211914, 153.02197265625
733, 1332.4059076607227, 1, 38.49760509100088, 421, 200742,                                             200742, 17.710580825805664, 152.45529174804688
734, -2428.9020615816116, 3, 5.314954548999594, 59, 200801,                                             200801, 13.129899024963379, 149.02540588378906
735, -559.5308024287224, 1, 53.32303902399872, 699, 201500,                                             201500, 16.412660598754883, 151.9327392578125
736, 1885.528077095747, 1, 21.018410794999, 264, 201764,                                             201764, 17.465049743652344, 150.2289581298828
737, 2313.6573489904404, 1, 15.839601367000796, 192, 201956,                                             201956, 17.475526809692383, 150.44769287109375
738, -2275.228513121605, 2, 7.069936298999892, 69, 202025,                                             202025, 16.55230140686035, 149.28125
739, 1335.8344504386187, 1, 21.927449482000156, 280, 202305,                                             202305, 18.22380828857422, 150.22238159179688
740, 1039.7740852832794, 1, 32.00042698799916, 403, 202708,                                             202708, 17.417770385742188, 151.8814697265625
741, 1392.0616852641106, 1, 22.283434653998484, 294, 203002,                                             203002, 18.133243560791016, 149.97518920898438
742, 1343.1603122651577, 1, 26.03796246999991, 331, 203333,                                             203333, 18.066373825073242, 149.06361389160156
743, 1336.709424763918, 1, 43.98020155300037, 566, 203899,                                             203899, 16.05689239501953, 148.47906494140625
744, 2227.1038234829903, 1, 15.594811429000401, 184, 204083,                                             204083, 16.714767456054688, 148.1229248046875
745, 2351.060491412878, 1, 13.851968170001783, 160, 204243,                                             204243, 17.306446075439453, 148.40988159179688
746, -2496.700347006321, 2, 11.978666912000335, 110, 204353,                                             204353, 15.015470504760742, 150.31517028808594
747, 2330.4011913239956, 1, 14.963807019999877, 124, 204477,                                             204477, 16.47511863708496, 148.43992614746094
748, 2166.897459745407, 1, 34.24596622199897, 264, 204741,                                             204741, 14.970290184020996, 148.94329833984375
749, -2366.154137790203, 3, 12.296576195998568, 116, 204857,                                             204857, 18.10016632080078, 151.9156951904297
750, 1843.3201110064983, 1, 26.007839967998734, 261, 205118,                                             205118, 17.263744354248047, 148.44068908691406
751, 1847.4913272559643, 1, 19.327915912999742, 192, 205310,                                             205310, 16.139022827148438, 148.1540985107422
752, 2287.6412263810635, 1, 14.826195939000172, 138, 205448,                                             205448, 17.047962188720703, 148.26205444335938
753, 1944.4880031943321, 1, 23.917406430000483, 236, 205684,                                             205684, 16.051115036010742, 147.42556762695312
754, 2217.0753819197416, 1, 23.64661063099993, 244, 205928,                                             205928, 17.945362091064453, 147.12205505371094
755, 1770.7249564528465, 1, 17.685161030000017, 161, 206089,                                             206089, 18.482168197631836, 147.6129913330078
756, 2044.8318637907505, 1, 34.56247366000025, 348, 206437,                                             206437, 17.9999942779541, 149.02505493164062
757, 1399.287711262703, 1, 40.584712525000214, 393, 206830,                                             206830, 16.838354110717773, 149.00546264648438
758, 1639.956107005477, 1, 32.38054284300051, 315, 207145,                                             207145, 17.84585952758789, 147.3568878173828
759, 2143.4832242429256, 1, 25.366800939000314, 253, 207398,                                             207398, 16.287948608398438, 148.1646728515625
760, 2214.92512011528, 1, 11.858010670001022, 138, 207536,                                             207536, 18.596284866333008, 148.84649658203125
761, 2228.942624807358, 1, 26.242854160000206, 280, 207816,                                             207816, 16.63980484008789, 147.72569274902344
762, 1189.0058428049088, 1, 36.678716316000646, 407, 208223,                                             208223, 16.35614585876465, 146.51930236816406
763, -4202.77937155962, 2, 34.467959564999546, 374, 208597,                                             208597, 16.100435256958008, 147.6685791015625
764, 2185.162838369608, 1, 17.135000014999605, 186, 208783,                                             208783, 18.12664222717285, 148.16958618164062
765, 1649.6766510009766, 1, 46.5384877180004, 475, 209258,                                             209258, 16.308250427246094, 146.52639770507812
766, -2317.7485531568527, 2, 5.791747610999664, 51, 209309,                                             209309, 16.62483024597168, 145.87326049804688
767, 2164.350687623024, 1, 17.279515955000534, 172, 209481,                                             209481, 17.37839698791504, 147.4011993408203
768, 1199.4217528104782, 1, 28.44245143599983, 278, 209759,                                             209759, 16.8077335357666, 144.7435302734375
769, 2225.415647804737, 1, 16.86084797299918, 169, 209928,                                             209928, 15.776495933532715, 146.24839782714844
770, 1666.886251553893, 1, 31.085129703998973, 329, 210257,                                             210257, 16.602712631225586, 144.6925048828125
771, 1617.1619846224785, 1, 24.213088022999727, 266, 210523,                                             210523, 16.107593536376953, 143.63125610351562
772, 2248.412233412266, 1, 15.476599824000004, 165, 210688,                                             210688, 14.52351188659668, 145.18768310546875
773, 1610.8361814022064, 1, 29.523992765000003, 334, 211022,                                             211022, 17.030902862548828, 145.80540466308594
774, -3093.878274321556, 3, 19.99599733300056, 224, 211246,                                             211246, 14.9193754196167, 143.70608520507812
775, 2144.320616900921, 1, 14.9061123270003, 172, 211418,                                             211418, 15.286356925964355, 143.4993133544922
776, 1881.7337009310722, 1, 15.917638216000341, 172, 211590,                                             211590, 17.669919967651367, 143.26626586914062
777, 2218.102432116866, 1, 22.14165487199898, 252, 211842,                                             211842, 17.301942825317383, 144.2827911376953
778, 2367.565663278103, 1, 10.33264611499908, 106, 211948,                                             211948, 16.620223999023438, 143.58827209472656
779, 2093.855665460229, 1, 32.127837688, 354, 212302,                                             212302, 16.570241928100586, 144.22091674804688
780, -2974.240603208542, 3, 21.92979726000158, 256, 212558,                                             212558, 16.95831871032715, 144.1129150390625
781, 1856.1755295693874, 1, 31.758551034001357, 339, 212897,                                             212897, 16.498435974121094, 144.26968383789062
782, -2467.366725564003, 3, 13.982526821999272, 151, 213048,                                             213048, 16.192319869995117, 145.19906616210938
783, 1709.8140525221825, 1, 31.227634351000233, 340, 213388,                                             213388, 16.5200252532959, 144.58349609375
784, 1345.031194075942, 1, 28.468685948999337, 299, 213687,                                             213687, 17.040756225585938, 142.64186096191406
785, 2155.8797630667686, 1, 17.926002086000153, 177, 213864,                                             213864, 17.117122650146484, 144.77999877929688
786, 2017.5860596001148, 1, 23.459355401999346, 230, 214094,                                             214094, 16.322919845581055, 144.63497924804688
787, 1650.0803432911634, 1, 35.01321224899948, 361, 214455,                                             214455, 17.038850784301758, 143.97398376464844
788, 2078.8406088352203, 1, 25.34894894199897, 261, 214716,                                             214716, 16.61913299560547, 143.6820068359375
789, 2120.3405988812447, 1, 26.27382579799996, 241, 214957,                                             214957, 17.226932525634766, 144.05813598632812
790, 2225.4754649549723, 1, 23.872358761000214, 252, 215209,                                             215209, 16.59430694580078, 143.6881103515625
791, 2051.5373106896877, 1, 26.05683714999941, 289, 215498,                                             215498, 17.301868438720703, 144.51483154296875
792, 2096.036501392722, 1, 24.654375785999946, 266, 215764,                                             215764, 16.370519638061523, 143.8220977783203
793, 2028.6267611980438, 1, 18.215151734000756, 196, 215960,                                             215960, 16.202341079711914, 142.9902801513672
794, 2174.4373734891415, 1, 31.751685302000624, 321, 216281,                                             216281, 16.394542694091797, 142.2208251953125
795, 1455.8978423327208, 1, 37.39820990000044, 377, 216658,                                             216658, 16.471464157104492, 142.87179565429688
796, -2336.3255038261414, 2, 6.823824452998451, 73, 216731,                                             216731, 15.702585220336914, 142.8231658935547
797, 1521.5029176473618, 1, 19.962212925998756, 214, 216945,                                             216945, 16.8139591217041, 141.12196350097656
798, 1984.637678861618, 1, 27.508616434999567, 283, 217228,                                             217228, 15.964319229125977, 143.20948791503906
799, 1914.5964794158936, 1, 18.117670693000036, 191, 217419,                                             217419, 16.659984588623047, 142.1334686279297
800, 1405.294626802206, 1, 23.30933839499994, 246, 217665,                                             217665, 18.580278396606445, 142.02760314941406
801, 1562.7350081503391, 1, 30.95710033100113, 334, 217999,                                             217999, 17.884641647338867, 142.2315673828125
802, 682.953508913517, 1, 41.65170779399887, 451, 218450,                                             218450, 17.61740493774414, 141.36624145507812
803, 2374.9260929226875, 1, 8.374801126999955, 97, 218547,                                             218547, 17.2104434967041, 139.5393829345703
804, 2024.2310448735952, 1, 31.934116096999787, 331, 218878,                                             218878, 16.671234130859375, 141.40196228027344
805, 1914.3326160609722, 1, 14.117795367999861, 155, 219033,                                             219033, 16.237255096435547, 143.02517700195312
806, 2177.8243111371994, 1, 10.588327473999016, 117, 219150,                                             219150, 17.990568161010742, 141.66159057617188
807, -2661.479616165161, 2, 2.5690592209994065, 30, 219180,                                             219180, 16.9280948638916, 141.11473083496094
808, 2115.508775293827, 1, 10.940381794998757, 118, 219298,                                             219298, 15.257031440734863, 140.69088745117188
809, 2216.336357116699, 1, 18.31494257399936, 185, 219483,                                             219483, 17.567848205566406, 141.9900665283203
810, 2258.4951862692833, 1, 15.640804245000254, 145, 219628,                                             219628, 14.81446647644043, 142.42034912109375
811, 2371.0464908480644, 1, 9.219230257998788, 89, 219717,                                             219717, 17.281307220458984, 143.24232482910156
812, 2321.5529475808144, 1, 18.103820952001115, 162, 219879,                                             219879, 16.597774505615234, 142.40548706054688
813, 1469.8214775249362, 1, 42.619121183999596, 425, 220304,                                             220304, 16.40089988708496, 141.5829620361328
814, 2075.322209864855, 1, 26.951915404999454, 281, 220585,                                             220585, 16.654354095458984, 139.98471069335938
815, 2113.0514873564243, 1, 29.11202907400002, 302, 220887,                                             220887, 16.79347801208496, 140.65689086914062
816, 2096.414576560259, 1, 28.502867049999622, 306, 221193,                                             221193, 16.87252426147461, 140.37716674804688
817, 2333.0751146376133, 1, 15.454123524999886, 156, 221349,                                             221349, 18.18602180480957, 141.48927307128906
818, 730.3434855341911, 1, 47.1446413220001, 511, 221860,                                             221860, 17.81340980529785, 140.81680297851562
819, 873.9886666536331, 1, 32.55825402499977, 346, 222206,                                             222206, 18.208728790283203, 141.45571899414062
820, 2053.678085654974, 1, 31.872539166000934, 341, 222547,                                             222547, 15.22103500366211, 140.2198028564453
821, -2582.1945613622665, 2, 7.983231219999652, 83, 222630,                                             222630, 15.161069869995117, 138.2581787109375
822, -2478.4357501268387, 3, 12.433134944998528, 144, 222774,                                             222774, 18.7681884765625, 140.17115783691406
823, 1968.364463955164, 1, 21.98690446099863, 231, 223005,                                             223005, 17.27081298828125, 140.398681640625
824, -2424.133776962757, 3, 11.649369560000196, 125, 223130,                                             223130, 14.454169273376465, 140.80520629882812
825, 2197.409792944789, 1, 21.010532463000345, 230, 223360,                                             223360, 16.593082427978516, 139.6601104736328
826, -2301.034956932068, 2, 4.9745238089999475, 48, 223408,                                             223408, 18.31621742248535, 137.86692810058594
827, -2741.904826402664, 2, 14.579946864001613, 145, 223553,                                             223553, 17.66319465637207, 141.1796112060547
828, 2200.1921190321445, 1, 14.479781776999516, 124, 223677,                                             223677, 17.39679718017578, 140.1249542236328
829, -2515.628326177597, 2, 5.738054161000036, 58, 223735,                                             223735, 19.12366485595703, 141.4635467529297
830, 2099.1957499086857, 1, 18.203242530998978, 185, 223920,                                             223920, 16.86871910095215, 139.57447814941406
831, 1774.1341317296028, 1, 30.63182705700092, 322, 224242,                                             224242, 16.74337387084961, 139.03268432617188
832, 1995.2704748511314, 1, 24.248024522999913, 257, 224499,                                             224499, 17.32883071899414, 139.7716522216797
833, -2634.8880982398987, 2, 10.581310630001099, 99, 224598,                                             224598, 16.99120330810547, 138.91632080078125
834, 927.0380318164825, 1, 46.70441088499865, 421, 225019,                                             225019, 18.04266357421875, 140.03677368164062
835, 1901.118979305029, 1, 48.54291132899925, 281, 225300,                                             225300, 16.62270164489746, 138.15618896484375
836, 2410.6182810366154, 1, 14.717820972999107, 72, 225372,                                             225372, 16.08559799194336, 138.43211364746094
837, 1206.7045898586512, 1, 41.14915529800055, 271, 225643,                                             225643, 17.88495445251465, 139.97984313964844
838, 1405.524027198553, 1, 53.46996038799989, 408, 226051,                                             226051, 16.75340461730957, 138.31698608398438
839, 1836.8061873167753, 1, 37.489060930998676, 281, 226332,                                             226332, 16.88916015625, 138.70297241210938
840, 1371.225333929062, 1, 27.196660360999886, 223, 226555,                                             226555, 18.637706756591797, 140.09439086914062
841, 1005.2748021781445, 1, 37.51399422100076, 280, 226835,                                             226835, 16.319887161254883, 138.2339630126953
842, 2395.3151215314865, 1, 18.671571894999943, 120, 226955,                                             226955, 17.229320526123047, 138.1604461669922
843, 1830.7472340464592, 1, 17.533186266000484, 140, 227095,                                             227095, 17.937347412109375, 138.20936584472656
844, 1831.0214420259, 1, 24.27625328799877, 179, 227274,                                             227274, 17.800500869750977, 137.39161682128906
845, 1785.4145817756653, 1, 28.71185056000104, 229, 227503,                                             227503, 16.816621780395508, 139.57994079589844
846, 2155.4085272848606, 1, 44.654150595999454, 292, 227795,                                             227795, 16.39729118347168, 137.87559509277344
847, 2069.4850804507732, 1, 20.127035966999756, 111, 227906,                                             227906, 17.066877365112305, 136.67465209960938
848, -2915.1362607479095, 3, 24.4324336819991, 129, 228035,                                             228035, 17.377458572387695, 139.22787475585938
849, 2262.9800098091364, 1, 28.470143275000737, 171, 228206,                                             228206, 15.941701889038086, 136.78138732910156
850, 1806.9996565282345, 1, 41.50701058699997, 284, 228490,                                             228490, 16.460542678833008, 137.9407196044922
851, 367.43862694501877, 1, 62.10991244499928, 452, 228942,                                             228942, 17.1309871673584, 137.4286346435547
852, 2228.3696490824223, 1, 18.333601485001054, 161, 229103,                                             229103, 18.270660400390625, 137.7439727783203
853, 1812.6200890541077, 1, 34.97148720599944, 317, 229420,                                             229420, 16.9359188079834, 137.76145935058594
854, 1796.1538474559784, 1, 23.43518358899928, 209, 229629,                                             229629, 15.03184700012207, 135.86917114257812
855, 2068.149931192398, 1, 25.0140992559991, 215, 229844,                                             229844, 17.626131057739258, 136.3051300048828
856, 1607.1492402851582, 1, 20.61638418700022, 163, 230007,                                             230007, 17.12038803100586, 135.4600372314453
857, 2040.5824853032827, 1, 30.032890466000026, 234, 230241,                                             230241, 16.377029418945312, 136.6208038330078
858, -2796.2634267807007, 3, 12.891832276998684, 120, 230361,                                             230361, 17.019804000854492, 134.83731079101562
859, 2237.1064243912697, 1, 14.635477138999704, 121, 230482,                                             230482, 16.77752685546875, 137.3522491455078
860, 2207.782014131546, 1, 19.80034731900014, 171, 230653,                                             230653, 17.251611709594727, 136.43255615234375
861, 2128.356747239828, 1, 37.54263029299909, 323, 230976,                                             230976, 15.72922134399414, 135.36131286621094
862, 1069.5070993453264, 1, 46.77920470099889, 416, 231392,                                             231392, 16.828601837158203, 134.39117431640625
863, 1662.464539706707, 1, 24.897776447998694, 211, 231603,                                             231603, 17.725067138671875, 135.70901489257812
864, 1555.2202587723732, 1, 44.10661313300079, 397, 232000,                                             232000, 17.056690216064453, 135.9855194091797
865, 1349.0719110667706, 1, 31.38552447999973, 275, 232275,                                             232275, 16.516151428222656, 134.7322235107422
866, 1909.7481196522713, 1, 23.8572370389993, 214, 232489,                                             232489, 17.405376434326172, 135.1154022216797
867, 1162.961109995842, 1, 27.821722501001204, 260, 232749,                                             232749, 16.52623748779297, 135.4535675048828
868, 2316.1972051262856, 1, 12.660108631000185, 111, 232860,                                             232860, 16.52193832397461, 134.6595916748047
869, -2260.733967781067, 2, 8.644516312999258, 80, 232940,                                             232940, 15.093534469604492, 134.98477172851562
870, 2091.6992326378822, 1, 22.970945566999944, 201, 233141,                                             233141, 17.7675724029541, 135.23606872558594
871, 42.589870274066925, 1, 55.28192192999995, 365, 233506,                                             233506, 16.144771575927734, 134.74826049804688
872, 1799.6307176053524, 1, 30.927541934001056, 210, 233716,                                             233716, 16.87313461303711, 134.86363220214844
873, 2270.617082953453, 1, 17.775476806998995, 99, 233815,                                             233815, 17.353782653808594, 133.35581970214844
874, 2418.12108451128, 1, 14.957719508000082, 81, 233896,                                             233896, 16.63288116455078, 133.1819610595703
875, 1920.0734203755856, 1, 36.669739511000444, 247, 234143,                                             234143, 16.204383850097656, 135.73944091796875
876, 1190.4337503015995, 1, 44.82931341599942, 285, 234428,                                             234428, 17.143869400024414, 134.3988037109375
877, 1501.0842415094376, 1, 35.64347699300015, 238, 234666,                                             234666, 17.171154022216797, 135.2134552001953
878, -2337.6739848852158, 3, 6.046344681000846, 35, 234701,                                             234701, 16.25407600402832, 137.04058837890625
879, 2349.9033160209656, 1, 15.747295938001116, 102, 234803,                                             234803, 16.577333450317383, 135.9501495361328
880, 2394.894949376583, 1, 13.184262198999932, 100, 234903,                                             234903, 17.08928871154785, 135.13662719726562
881, 2072.2013061344624, 1, 27.187150489999112, 210, 235113,                                             235113, 16.536705017089844, 136.13412475585938
882, -3034.1197875738144, 3, 23.58387871800005, 207, 235320,                                             235320, 16.6397705078125, 134.38775634765625
883, 2371.437049329281, 1, 8.075820617999852, 71, 235391,                                             235391, 17.138639450073242, 137.04869079589844
884, 1977.2699404358864, 1, 16.322191559000203, 130, 235521,                                             235521, 15.996907234191895, 134.47706604003906
885, 465.26005202531815, 1, 39.431989340000655, 324, 235845,                                             235845, 17.20147705078125, 134.75210571289062
886, 1506.7863048017025, 1, 24.929506094998942, 218, 236063,                                             236063, 16.864688873291016, 135.2607421875
887, 2186.5285531133413, 1, 31.92702753500089, 234, 236297,                                             236297, 16.39280128479004, 133.7945098876953
888, 2018.3449053615332, 1, 49.17473110799983, 370, 236667,                                             236667, 16.362014770507812, 134.17808532714844
889, 2250.1090438961983, 1, 15.236637432000862, 118, 236785,                                             236785, 15.091720581054688, 135.37501525878906
890, 2213.2775762677193, 1, 31.854123569000876, 264, 237049,                                             237049, 16.23513412475586, 133.72586059570312
891, -2330.666010737419, 3, 7.701915636000194, 58, 237107,                                             237107, 17.20063018798828, 134.18185424804688
892, 2063.035026073456, 1, 26.241160820000005, 199, 237306,                                             237306, 17.045068740844727, 134.56019592285156
893, 2059.5076858848333, 1, 55.13130923599965, 371, 237677,                                             237677, 16.023643493652344, 133.1770477294922
894, -2400.0272456407547, 3, 15.472586339999907, 111, 237788,                                             237788, 16.933673858642578, 135.89036560058594
895, 2259.6864352822304, 1, 15.755054899000243, 113, 237901,                                             237901, 17.760271072387695, 133.8061981201172
896, 1149.271486401558, 1, 27.954871067999193, 208, 238109,                                             238109, 16.084508895874023, 132.63677978515625
897, 1741.5103331804276, 1, 33.73304925499906, 275, 238384,                                             238384, 16.134096145629883, 133.9177703857422
898, -2666.474446296692, 3, 3.7992765640010475, 30, 238414,                                             238414, 13.01403522491455, 136.01547241210938
899, 1668.9468570947647, 1, 22.075035195000964, 165, 238579,                                             238579, 17.309078216552734, 133.1634063720703
900, -3616.8447076678276, 3, 37.10184877100073, 302, 238881,                                             238881, 16.40741729736328, 132.20594787597656
901, 2350.072752326727, 1, 8.982790116000615, 69, 238950,                                             238950, 15.077642440795898, 136.5304412841797
902, 2189.818458765745, 1, 27.9604941409998, 203, 239153,                                             239153, 16.6982421875, 132.50204467773438
903, 956.7223825454712, 1, 40.756556340000316, 323, 239476,                                             239476, 17.04400634765625, 133.78335571289062
904, 1797.6626915335655, 1, 16.246081403000062, 134, 239610,                                             239610, 17.229549407958984, 132.99761962890625
905, 1536.9095114469528, 1, 34.22765029999937, 270, 239880,                                             239880, 17.088064193725586, 134.7258758544922
906, 1849.790428340435, 1, 30.256891185999848, 245, 240125,                                             240125, 17.248746871948242, 134.1132354736328
907, 1998.4819484949112, 1, 35.777208882000195, 310, 240435,                                             240435, 18.323537826538086, 135.28366088867188
908, 2324.082562595606, 1, 19.15600856600031, 170, 240605,                                             240605, 16.107845306396484, 133.1375732421875
909, -4049.427359223366, 3, 43.96155098100098, 373, 240978,                                             240978, 17.435997009277344, 134.21755981445312
910, 1279.8266210258007, 1, 34.12190422099957, 286, 241264,                                             241264, 16.941768646240234, 133.50694274902344
911, 922.7812407389283, 1, 56.43925680299981, 390, 241654,                                             241654, 16.997465133666992, 134.5139923095703
912, 1463.4504013359547, 1, 45.22995307099882, 319, 241973,                                             241973, 16.940166473388672, 134.4804229736328
913, 1535.8088764995337, 1, 42.34098889000052, 339, 242312,                                             242312, 17.747356414794922, 134.36312866210938
914, 2054.1088870465755, 1, 27.752562642999692, 212, 242524,                                             242524, 16.76631736755371, 131.68397521972656
915, 1683.3467594087124, 1, 24.277924399000767, 186, 242710,                                             242710, 16.43901252746582, 134.1209716796875
916, 1962.1487881541252, 1, 29.52964648700072, 230, 242940,                                             242940, 16.794103622436523, 132.3477325439453
917, 2092.0060407817364, 1, 32.369468161999976, 251, 243191,                                             243191, 15.589715003967285, 133.42086791992188
918, -2858.0360308885574, 3, 34.169894738999574, 291, 243482,                                             243482, 18.3840389251709, 133.15269470214844
919, 2269.184987306595, 1, 12.862795887000175, 108, 243590,                                             243590, 17.718774795532227, 135.46920776367188
920, 2150.2789667844772, 1, 32.35475460099951, 220, 243810,                                             243810, 17.508007049560547, 131.7478790283203
921, 2252.074210345745, 1, 25.443231301000196, 174, 243984,                                             243984, 16.656248092651367, 135.53054809570312
922, 2360.23282122612, 1, 21.428379776998554, 138, 244122,                                             244122, 17.903160095214844, 132.50051879882812
923, 2121.0332380235195, 1, 35.9023050729993, 253, 244375,                                             244375, 17.237104415893555, 132.46694946289062
924, 1491.2473506480455, 1, 33.887503779000326, 269, 244644,                                             244644, 16.342361450195312, 131.69802856445312
925, 2182.922126531601, 1, 15.917322629999035, 133, 244777,                                             244777, 14.712546348571777, 133.3280029296875
926, 1939.0667719990015, 1, 31.771868087000257, 254, 245031,                                             245031, 17.113744735717773, 132.5863037109375
927, -2784.398149728775, 3, 44.360375143000056, 352, 245383,                                             245383, 16.954652786254883, 131.9445037841797
928, -2521.965943157673, 3, 16.36721510499956, 125, 245508,                                             245508, 15.716872215270996, 132.54354858398438
929, 1935.731402695179, 1, 19.49134489700009, 150, 245658,                                             245658, 17.41828727722168, 130.3584747314453
930, 1880.2521550655365, 1, 33.93601674999991, 245, 245903,                                             245903, 17.333026885986328, 131.22251892089844
931, -2816.1680768728256, 3, 41.43697148299907, 313, 246216,                                             246216, 17.33741569519043, 130.79916381835938
932, 2298.919050604105, 1, 17.92962417600029, 145, 246361,                                             246361, 17.49112319946289, 130.4737091064453
933, 605.5164050459862, 1, 54.21230579799885, 461, 246822,                                             246822, 18.155519485473633, 131.40599060058594
934, -2658.7542362213135, 2, 19.1460740349994, 159, 246981,                                             246981, 17.53659439086914, 132.75970458984375
935, 2214.341416954994, 1, 25.11728840499927, 213, 247194,                                             247194, 16.591182708740234, 131.03570556640625
936, 1631.099631384015, 1, 36.981442513999355, 324, 247518,                                             247518, 15.135668754577637, 130.95144653320312
937, -2209.2889533042908, 3, 5.453617290000693, 44, 247562,                                             247562, 18.200952529907227, 131.6913299560547
938, 2160.95233720541, 1, 16.694433716000276, 142, 247704,                                             247704, 16.839252471923828, 131.2538299560547
939, -2358.5053045749664, 3, 12.222735366000052, 104, 247808,                                             247808, 17.828834533691406, 130.15927124023438
940, 1343.8779667913914, 1, 24.006899851001435, 198, 248006,                                             248006, 16.193796157836914, 130.7637481689453
941, 1006.3742950260639, 1, 33.60242102199845, 282, 248288,                                             248288, 15.74831485748291, 130.77215576171875
942, 2253.0028456151485, 1, 20.792088148999028, 152, 248440,                                             248440, 17.652896881103516, 132.5634002685547
943, 1674.784993633628, 1, 30.661076583999602, 233, 248673,                                             248673, 16.76293182373047, 129.842041015625
944, 2134.9751814603806, 1, 18.883944143000917, 154, 248827,                                             248827, 17.679946899414062, 129.2197723388672
945, 2187.241303369403, 1, 35.24185814100019, 274, 249101,                                             249101, 17.28925895690918, 130.934814453125
946, 1956.9316554665565, 1, 44.43850578100137, 382, 249483,                                             249483, 17.913509368896484, 131.03634643554688
947, -2823.596728205681, 3, 15.392437601998608, 117, 249600,                                             249600, 16.083477020263672, 128.58145141601562
948, 1852.63402941823, 1, 19.47444969499884, 166, 249766,                                             249766, 17.834115982055664, 131.16258239746094
949, -3034.294308245182, 2, 36.198747476999415, 278, 250044,                                             250044, 17.192916870117188, 131.73635864257812
950, -2365.6523615419865, 3, 11.889548592998835, 112, 250156,                                             250156, 19.441865921020508, 132.12672424316406
951, 2339.3087196350098, 1, 14.575025805999758, 143, 250299,                                             250299, 15.5358304977417, 129.95643615722656
952, -2545.9670066833496, 2, 17.491140789999918, 185, 250484,                                             250484, 16.4422607421875, 128.84146118164062
953, 2351.2114847302437, 1, 6.752178986000217, 72, 250556,                                             250556, 18.062084197998047, 133.51815795898438
954, 2260.8538216352463, 1, 15.297045487001014, 161, 250717,                                             250717, 15.531704902648926, 129.35733032226562
955, 1937.1115308701992, 1, 14.891557072000069, 152, 250869,                                             250869, 15.913688659667969, 128.8870849609375
956, 1814.3374849408865, 1, 34.537332288999096, 361, 251230,                                             251230, 17.137115478515625, 129.18141174316406
957, 2262.4002353698015, 1, 17.94564958099909, 160, 251390,                                             251390, 15.73027229309082, 130.12344360351562
958, 1632.37982827425, 1, 30.03887813700021, 304, 251694,                                             251694, 17.575641632080078, 129.29022216796875
959, -2561.069352865219, 3, 6.605204473000413, 65, 251759,                                             251759, 19.545759201049805, 130.45944213867188
960, 1879.015724658966, 1, 19.173748031000287, 187, 251946,                                             251946, 16.31513023376465, 127.32795715332031
961, 1244.077839076519, 1, 18.987775919998967, 170, 252116,                                             252116, 17.835895538330078, 128.989013671875
962, -2663.0891646146774, 2, 8.181187019999925, 85, 252201,                                             252201, 16.164657592773438, 127.7708511352539
963, 2078.9335353970528, 1, 26.404181858999436, 257, 252458,                                             252458, 17.16880226135254, 129.16465759277344
964, 1819.759707570076, 1, 34.57597208199877, 342, 252800,                                             252800, 16.985910415649414, 128.3267059326172
965, 2266.8686270713806, 1, 17.25119486299991, 161, 252961,                                             252961, 18.74859046936035, 126.75212097167969
966, 2335.945072799921, 1, 15.882992279999598, 159, 253120,                                             253120, 15.950023651123047, 128.42813110351562
967, 2373.3201382756233, 1, 10.486521138998796, 96, 253216,                                             253216, 17.61878776550293, 124.90140533447266
968, -2831.917864918709, 2, 19.074224609999874, 200, 253416,                                             253416, 16.544208526611328, 129.15208435058594
969, 2122.0584305524826, 1, 16.631775084000765, 160, 253576,                                             253576, 16.301532745361328, 128.21339416503906
970, 765.6912644207478, 1, 34.83339307800088, 343, 253919,                                             253919, 16.768173217773438, 127.9426040649414
971, 2298.0632058382034, 1, 16.924691408999934, 147, 254066,                                             254066, 15.601387977600098, 129.0606689453125
972, -3181.8199699521065, 2, 17.300274850000278, 167, 254233,                                             254233, 16.45188331604004, 129.1126708984375
973, 2224.127280384302, 1, 17.56934969899885, 152, 254385,                                             254385, 16.643875122070312, 128.18275451660156
974, 1348.8355304896832, 1, 30.370939787999305, 289, 254674,                                             254674, 16.429244995117188, 128.5543975830078
975, 2218.898547053337, 1, 13.57617733799998, 143, 254817,                                             254817, 19.219085693359375, 128.49746704101562
976, 1842.2477859854698, 1, 16.45141241300007, 159, 254976,                                             254976, 17.106292724609375, 128.78602600097656
977, 1778.0827506184578, 1, 18.339541649998864, 186, 255162,                                             255162, 17.008567810058594, 126.9318618774414
978, 2004.236293643713, 1, 31.482469709000725, 306, 255468,                                             255468, 16.676651000976562, 126.5728759765625
979, -2361.1569271087646, 3, 3.203569889999926, 30, 255498,                                             255498, 14.41966438293457, 132.04107666015625
980, 2423.6408509612083, 1, 7.24030383399986, 63, 255561,                                             255561, 16.929656982421875, 130.11839294433594
981, 2072.5435444116592, 1, 18.015439139999216, 168, 255729,                                             255729, 17.70525550842285, 128.1624755859375
982, 2012.304098635912, 1, 29.88059584199982, 279, 256008,                                             256008, 15.547662734985352, 127.9029769897461
983, 1433.0693690478802, 1, 32.77526658500028, 318, 256326,                                             256326, 16.8962459564209, 127.51081085205078
984, 2130.234220981598, 1, 18.366584012001113, 161, 256487,                                             256487, 15.929808616638184, 125.16324615478516
985, 2215.7141287624836, 1, 17.924530342999788, 192, 256679,                                             256679, 16.806344985961914, 125.56458282470703
986, 2281.446451038122, 1, 18.217144174999703, 163, 256842,                                             256842, 17.344938278198242, 126.31285858154297
987, 900.348544716835, 1, 37.218464978001066, 338, 257180,                                             257180, 17.075117111206055, 126.19486999511719
988, 584.2203015387058, 1, 41.510508617000596, 376, 257556,                                             257556, 16.675504684448242, 125.70497131347656
989, -2537.9903995990753, 2, 12.013900428999477, 109, 257665,                                             257665, 17.36870002746582, 126.61300659179688
990, 2402.6746294796467, 1, 13.637573898000483, 136, 257801,                                             257801, 17.331058502197266, 126.10374450683594
991, 555.1106797456741, 1, 36.73884994800028, 339, 258140,                                             258140, 16.496980667114258, 126.57479858398438
992, 2215.0804567933083, 1, 13.677947804000723, 135, 258275,                                             258275, 15.917966842651367, 128.21461486816406
993, 1354.038669615984, 1, 16.160411298000326, 159, 258434,                                             258434, 16.36427879333496, 126.96377563476562
994, 2240.2877056747675, 1, 22.92034125400096, 220, 258654,                                             258654, 17.384613037109375, 126.36259460449219
995, -2467.833091676235, 2, 13.160566260999985, 124, 258778,                                             258778, 16.56411361694336, 126.47023010253906
996, 2345.1911391615868, 1, 15.873132021000856, 134, 258912,                                             258912, 16.66423988342285, 126.12269592285156
997, 2273.7658194601536, 1, 12.936771398999554, 116, 259028,                                             259028, 16.50218391418457, 126.74202728271484
998, 2004.16398742795, 1, 25.826698365000993, 234, 259262,                                             259262, 16.497312545776367, 125.1694564819336
999, -3310.0669906139374, 2, 31.096657348000008, 294, 259556,                                             259556, 16.774009704589844, 125.83118438720703
1000, 2426.9322813749313, 1, 6.472122813000169, 57, 259613,                                             259613, 16.62894630432129, 122.80558013916016
1001, 1667.2976261228323, 1, 15.827495654999439, 146, 259759,                                             259759, 17.377853393554688, 125.24396514892578
1002, 893.5416079759598, 1, 45.24229959200056, 402, 260161,                                             260161, 17.098514556884766, 125.1457290649414
1003, 1199.875965923071, 1, 38.26250655600052, 362, 260523,                                             260523, 16.170900344848633, 123.84492492675781
1004, 2271.917945742607, 1, 16.426113174999045, 142, 260665,                                             260665, 14.4931058883667, 125.88339233398438
1005, 1883.74630767107, 1, 17.10610008600088, 171, 260836,                                             260836, 15.476008415222168, 123.31912231445312
1006, -2863.988312125206, 2, 12.081989447000524, 123, 260959,                                             260959, 17.029277801513672, 123.73027801513672
1007, 2386.5463285446167, 1, 7.0128651239992905, 71, 261030,                                             261030, 16.14703369140625, 124.29181671142578
1008, -2930.644472181797, 2, 25.96254858700013, 245, 261275,                                             261275, 17.085323333740234, 124.66703033447266
1009, 2368.6222391724586, 1, 8.255435494000267, 66, 261341,                                             261341, 17.92999839782715, 124.21539306640625
1010, 1455.5529708862305, 1, 31.307532758999514, 276, 261617,                                             261617, 15.943262100219727, 123.4493637084961
1011, 1149.6494524478912, 1, 36.90574234700034, 298, 261915,                                             261915, 17.148441314697266, 125.19696044921875
1012, -2290.257966518402, 3, 6.3946451770007116, 53, 261968,                                             261968, 16.060293197631836, 125.60279846191406
1013, 1457.5229883790016, 1, 24.60055862000081, 216, 262184,                                             262184, 16.09593391418457, 125.49150085449219
1014, 2262.269608050585, 1, 18.018576918999315, 148, 262332,                                             262332, 17.93218231201172, 126.23516845703125
1015, 2388.6721981167793, 1, 9.537596870000925, 81, 262413,                                             262413, 16.941049575805664, 126.86479949951172
1016, 2264.5141875743866, 1, 17.01732411300145, 145, 262558,                                             262558, 15.45608139038086, 125.5382308959961
1017, 2197.86988902092, 1, 26.55226726300134, 200, 262758,                                             262758, 18.07797622680664, 124.66765594482422
1018, 697.6300834417343, 1, 42.22448202299893, 327, 263085,                                             263085, 16.245407104492188, 125.2587890625
1019, 2290.7348667383194, 1, 13.696210190999409, 117, 263202,                                             263202, 17.56089210510254, 127.8122329711914
1020, 2312.979477673769, 1, 18.950754843999675, 145, 263347,                                             263347, 16.877708435058594, 126.548828125
1021, 2308.1182095706463, 1, 17.230526143001043, 129, 263476,                                             263476, 15.10313606262207, 124.53765869140625
1022, -2310.7423729896545, 2, 4.2126310750009, 31, 263507,                                             263507, 16.4979305267334, 125.50841522216797
1023, 1502.004552423954, 1, 27.581562711000515, 232, 263739,                                             263739, 17.46249771118164, 125.48171997070312
1024, -3289.235708117485, 3, 23.592311041998983, 186, 263925,                                             263925, 16.927431106567383, 123.7458724975586
1025, 1607.6398663520813, 1, 27.530357907999132, 242, 264167,                                             264167, 16.38290023803711, 125.58821868896484
1026, -2890.504054248333, 2, 14.766930204001255, 130, 264297,                                             264297, 15.342867851257324, 125.40242004394531
1027, 2381.160801112652, 1, 7.611514008998711, 72, 264369,                                             264369, 18.571941375732422, 124.64390563964844
1028, 1952.0777456760406, 1, 26.63838415900136, 233, 264602,                                             264602, 14.789285659790039, 124.31970977783203
1029, 1365.1874463260174, 1, 26.62433545100066, 227, 264829,                                             264829, 17.255779266357422, 124.98180389404297
1030, 2265.1243891865015, 1, 23.75863608400141, 223, 265052,                                             265052, 17.01246452331543, 124.09459686279297
1031, -2231.8430502414703, 2, 7.240962545998627, 55, 265107,                                             265107, 16.31658172607422, 123.83562469482422
1032, -2747.889385163784, 2, 13.515684640000472, 105, 265212,                                             265212, 16.797746658325195, 123.28348541259766
1033, 2356.5582371354103, 1, 8.491088889000821, 70, 265282,                                             265282, 15.791804313659668, 122.29431915283203
1034, 2010.8087963163853, 1, 25.21558219000144, 206, 265488,                                             265488, 14.745248794555664, 123.67977142333984
1035, 1391.3229612708092, 1, 17.490368200999, 148, 265636,                                             265636, 16.51893424987793, 123.9960708618164
1036, 2154.165801912546, 1, 31.305664446001174, 290, 265926,                                             265926, 17.893190383911133, 124.77032470703125
1037, -2572.6622566580772, 2, 22.79595439300101, 210, 266136,                                             266136, 14.377002716064453, 124.7686538696289
1038, 1763.5210458040237, 1, 25.043518869000764, 236, 266372,                                             266372, 16.60872459411621, 122.64527130126953
1039, 1536.9722339510918, 1, 37.98147544600033, 342, 266714,                                             266714, 15.882660865783691, 122.71696472167969
1040, 2028.7169274687767, 1, 36.88039415200001, 321, 267035,                                             267035, 16.032495498657227, 122.08153533935547
1041, 2337.3289135694504, 1, 10.594003403999523, 96, 267131,                                             267131, 17.56888771057129, 122.78145599365234
1042, 2344.8038236498833, 1, 15.649263534000056, 138, 267269,                                             267269, 16.697154998779297, 122.7731704711914
1043, 916.7887272834778, 1, 26.86885411500043, 244, 267513,                                             267513, 16.498077392578125, 123.77420043945312
1044, 2154.3933458924294, 1, 19.836248853000143, 179, 267692,                                             267692, 16.667190551757812, 124.02711486816406
1045, 2333.8757204413414, 1, 14.144902963998902, 131, 267823,                                             267823, 15.017175674438477, 121.80709075927734
1046, 1315.302089303732, 1, 30.431872723000197, 283, 268106,                                             268106, 18.38004493713379, 123.78983306884766
1047, 2137.4316006302834, 1, 32.36270458699801, 283, 268389,                                             268389, 16.096092224121094, 123.14208984375
1048, -2372.317997455597, 2, 4.974464445000194, 40, 268429,                                             268429, 15.534111022949219, 121.12884521484375
1049, 2422.0503180623055, 1, 7.652303447001032, 60, 268489,                                             268489, 17.85506820678711, 122.54725646972656
1050, -2509.3219388723373, 2, 9.504059214003064, 78, 268567,                                             268567, 17.450969696044922, 122.96607208251953
1051, 1698.7950469851494, 1, 17.39743890599857, 153, 268720,                                             268720, 17.040924072265625, 122.37604522705078
1052, 1080.2980486154556, 1, 35.792006207997474, 304, 269024,                                             269024, 16.8807373046875, 122.62159729003906
1053, 1808.0241280645132, 1, 26.86803459099974, 233, 269257,                                             269257, 17.39029312133789, 122.81360626220703
1054, -2266.0709249973297, 2, 4.19347881000067, 33, 269290,                                             269290, 16.3822021484375, 126.21216583251953
1055, 1903.8266208469868, 1, 19.545732332000625, 143, 269433,                                             269433, 16.84813690185547, 123.08182525634766
1056, -2452.489738404751, 2, 20.04783309999766, 164, 269597,                                             269597, 17.078689575195312, 122.2852783203125
1057, 1154.5452611148357, 1, 29.844577765001304, 297, 269894,                                             269894, 17.10601043701172, 122.29057312011719
1058, -2692.9731587171555, 2, 11.589018100999965, 119, 270013,                                             270013, 17.61789321899414, 122.08992767333984
1059, -4239.864226460457, 2, 17.90065065499948, 172, 270185,                                             270185, 15.372069358825684, 119.85774230957031
1060, 1507.6460364460945, 1, 30.320223725000687, 305, 270490,                                             270490, 16.83608055114746, 123.64700317382812
1061, -24.565209835767746, 1, 38.32211419699888, 407, 270897,                                             270897, 17.450820922851562, 122.81332397460938
1062, 1828.2775160074234, 1, 15.38123240799905, 164, 271061,                                             271061, 16.58538246154785, 121.55528259277344
1063, 2234.5319008231163, 1, 19.249554660000285, 197, 271258,                                             271258, 17.208045959472656, 123.19444274902344
1064, 1793.8877241909504, 1, 21.065659211999446, 215, 271473,                                             271473, 17.286609649658203, 123.09292602539062
1065, -4171.828168988228, 2, 38.030755104999116, 373, 271846,                                             271846, 16.57468605041504, 123.39675903320312
1066, 2313.169173836708, 1, 12.15653715100052, 92, 271938,                                             271938, 18.05923080444336, 122.2165298461914
1067, 1927.5223624110222, 1, 22.926674603997526, 198, 272136,                                             272136, 17.568323135375977, 122.11011505126953
1068, 1613.8880287110806, 1, 33.172914510996634, 286, 272422,                                             272422, 16.714385986328125, 122.01911163330078
1069, 1332.8611310869455, 1, 40.68431098400106, 381, 272803,                                             272803, 16.441255569458008, 123.0755844116211
1070, -2802.5854766368866, 2, 13.268292232998647, 127, 272930,                                             272930, 16.32378578186035, 122.9540023803711
1071, -4287.446131825447, 2, 56.34814464399824, 505, 273435,                                             273435, 16.977996826171875, 123.37126922607422
1072, 2292.379363209009, 1, 12.29358729699743, 105, 273540,                                             273540, 17.99664306640625, 121.52641296386719
1073, 2179.861757725477, 1, 16.82382185199822, 149, 273689,                                             273689, 18.52811622619629, 122.44051361083984
1074, 1607.1439147889614, 1, 24.739841591002914, 224, 273913,                                             273913, 17.224401473999023, 123.6590576171875
1075, 2264.407479196787, 1, 17.95197370099777, 168, 274081,                                             274081, 17.624923706054688, 124.06666564941406
1076, 1777.0584693104029, 1, 26.3943591640018, 263, 274344,                                             274344, 16.576740264892578, 123.5577163696289
1077, -2538.204412460327, 3, 5.588154231001681, 58, 274402,                                             274402, 17.4698429107666, 121.80059051513672
1078, 1308.9803030788898, 1, 30.06334230199718, 288, 274690,                                             274690, 16.039722442626953, 123.35965728759766
1079, 2070.2711552381516, 1, 37.843583868998394, 346, 275036,                                             275036, 17.838134765625, 122.82054138183594
1080, 1375.9610952883959, 1, 42.00309352499971, 395, 275431,                                             275431, 17.569664001464844, 123.83634948730469
1081, 2286.9633579850197, 1, 19.856530044002284, 150, 275581,                                             275581, 17.61855697631836, 123.41262817382812
1082, 1839.0806055814028, 1, 35.305635614000494, 321, 275902,                                             275902, 16.4483585357666, 124.49893951416016
1083, -2454.0844426751137, 2, 12.446090362998802, 116, 276018,                                             276018, 17.999794006347656, 122.34489440917969
1084, 1561.7054433524609, 1, 27.43270142199981, 259, 276277,                                             276277, 16.30838966369629, 123.05941772460938
1085, 749.1469686329365, 1, 42.75691841499793, 429, 276706,                                             276706, 18.657007217407227, 123.2090072631836
1086, 1543.2372240126133, 1, 24.345382724000956, 240, 276946,                                             276946, 18.221155166625977, 123.3094253540039
1087, 2037.3561677187681, 1, 33.96583413999906, 335, 277281,                                             277281, 17.602886199951172, 122.79864501953125
1088, 371.47323782742023, 1, 47.17104001199914, 441, 277722,                                             277722, 16.97361946105957, 122.22735595703125
1089, 1864.4392430186272, 1, 39.02596104300028, 386, 278108,                                             278108, 17.717130661010742, 123.1978530883789
1090, 1444.542096823454, 1, 28.51346178699896, 291, 278399,                                             278399, 17.427330017089844, 122.04098510742188
1091, -2575.493713438511, 3, 24.087888731999556, 240, 278639,                                             278639, 17.138553619384766, 122.54061889648438
1092, 2295.2734355330467, 1, 11.430083993000153, 120, 278759,                                             278759, 17.154104232788086, 122.73854064941406
1093, 1713.3707275986671, 1, 12.669260946000577, 136, 278895,                                             278895, 18.234832763671875, 122.10076141357422
1094, 1729.2352313101292, 1, 20.605965455997648, 212, 279107,                                             279107, 16.661653518676758, 120.84860229492188
1095, 2036.0811986625195, 1, 25.411616101999243, 251, 279358,                                             279358, 17.114103317260742, 121.2430191040039
1096, 1937.6549491882324, 1, 33.65955602899703, 352, 279710,                                             279710, 16.86370086669922, 122.11296081542969
1097, 1713.6952572464943, 1, 27.582187084000907, 292, 280002,                                             280002, 16.689496994018555, 122.0750503540039
1098, 1490.7517609000206, 1, 26.650249043999793, 285, 280287,                                             280287, 16.451570510864258, 121.7057876586914
1099, 1959.811322569847, 1, 16.727916989999358, 153, 280440,                                             280440, 17.30771827697754, 120.7703628540039
1100, -2456.8211104869843, 2, 12.925856448997365, 124, 280564,                                             280564, 17.740652084350586, 120.52094268798828
1101, 1003.1955361366272, 1, 23.386207206996914, 234, 280798,                                             280798, 17.07113265991211, 120.43502807617188
1102, 1491.7501268833876, 1, 31.16686173999915, 307, 281105,                                             281105, 17.54663848876953, 121.54984283447266
1103, -2639.37920153141, 3, 10.79370095700142, 110, 281215,                                             281215, 17.210416793823242, 122.16312408447266
1104, -2411.2722499370575, 3, 11.557273319998785, 123, 281338,                                             281338, 18.081327438354492, 121.0800552368164
1105, 1517.751617282629, 1, 30.692533428002207, 326, 281664,                                             281664, 16.386140823364258, 121.33831024169922
1106, 2094.0799407064915, 1, 28.570876578000025, 291, 281955,                                             281955, 16.667945861816406, 120.84722900390625
1107, 2241.4996052980423, 1, 13.760215630998573, 136, 282091,                                             282091, 16.213350296020508, 123.33621215820312
1108, 1752.1565942168236, 1, 20.344895403999544, 176, 282267,                                             282267, 17.60500144958496, 121.13349151611328
1109, 1472.1015506386757, 1, 22.59225254299963, 196, 282463,                                             282463, 16.211240768432617, 121.11138153076172
1110, 1568.599414423108, 1, 30.411016050999024, 294, 282757,                                             282757, 15.929342269897461, 120.03694915771484
1111, 2322.5026656389236, 1, 13.562342585999431, 126, 282883,                                             282883, 15.59345531463623, 118.8760986328125
1112, 1788.7130908221006, 1, 32.5730442799977, 308, 283191,                                             283191, 18.22119140625, 120.84909057617188
1113, 1508.5627329349518, 1, 29.97085395400063, 261, 283452,                                             283452, 16.73367691040039, 119.21429443359375
1114, 1589.9548327326775, 1, 35.86122718099796, 327, 283779,                                             283779, 18.1514835357666, 119.35198211669922
1115, 1898.6628838777542, 1, 16.504826915002923, 158, 283937,                                             283937, 16.745607376098633, 119.36001586914062
1116, 1770.236669331789, 1, 23.283810935001384, 238, 284175,                                             284175, 15.807249069213867, 120.5755386352539
1117, 1138.3588726222515, 1, 37.15997465399778, 365, 284540,                                             284540, 16.81752586364746, 119.29283905029297
1118, 1019.9323293715715, 1, 35.121332200000325, 331, 284871,                                             284871, 17.14386749267578, 119.60453796386719
1119, 1929.8854372799397, 1, 28.002044744996965, 245, 285116,                                             285116, 16.95281410217285, 119.36016845703125
1120, 2261.1561631560326, 1, 21.205885184997896, 160, 285276,                                             285276, 16.93766975402832, 118.83638763427734
1121, 2236.3649798333645, 1, 15.529550939998444, 146, 285422,                                             285422, 18.33445930480957, 118.80502319335938
1122, 2268.1515478789806, 1, 22.9894870729986, 203, 285625,                                             285625, 17.311845779418945, 119.8522720336914
1123, 1458.4169091880322, 1, 34.840907022000465, 308, 285933,                                             285933, 16.022624969482422, 119.85345458984375
1124, 994.0288566797972, 1, 45.54781320500115, 442, 286375,                                             286375, 16.707862854003906, 119.37504577636719
1125, 2207.43471378088, 1, 30.258641380998597, 268, 286643,                                             286643, 16.99794578552246, 118.64649963378906
1126, 2123.044684290886, 1, 30.62961572199856, 218, 286861,                                             286861, 17.720111846923828, 119.72246551513672
1127, 1851.3884834945202, 1, 27.944569314000546, 249, 287110,                                             287110, 18.777816772460938, 120.0787582397461
1128, 1755.679799258709, 1, 27.15266675300154, 223, 287333,                                             287333, 17.742162704467773, 118.64606475830078
1129, 1945.9699768424034, 1, 25.10827445399991, 220, 287553,                                             287553, 16.797677993774414, 118.78080749511719
1130, 2354.7598098516464, 1, 10.45151198000167, 99, 287652,                                             287652, 17.26156997680664, 118.32244110107422
1131, -2369.654281616211, 3, 3.154267328998685, 30, 287682,                                             287682, 15.141305923461914, 119.83792114257812
1132, 1707.3254417181015, 1, 19.31077182900117, 186, 287868,                                             287868, 17.0906925201416, 119.15083312988281
1133, 1986.0137801766396, 1, 26.081668019000062, 265, 288133,                                             288133, 17.455095291137695, 119.07859802246094
1134, 1790.2486699819565, 1, 25.650395721000677, 249, 288382,                                             288382, 17.62651824951172, 119.20733642578125
1135, 1737.0922052264214, 1, 28.966121847999602, 249, 288631,                                             288631, 16.255613327026367, 119.43986511230469
1136, 2068.0140846818686, 1, 21.569799466000404, 155, 288786,                                             288786, 17.060760498046875, 119.983154296875
1137, 2108.8500958681107, 1, 23.667058967999765, 205, 288991,                                             288991, 15.22268009185791, 118.94623565673828
1138, 2160.204783141613, 1, 27.379752668999572, 225, 289216,                                             289216, 17.1723575592041, 119.96263122558594
1139, 2038.0985252857208, 1, 30.944876355002634, 269, 289485,                                             289485, 16.785282135009766, 118.4678955078125
1140, 2183.2344730347395, 1, 29.139970108000853, 237, 289722,                                             289722, 17.566423416137695, 119.14459228515625
1141, 987.2772902846336, 1, 49.121799303000444, 404, 290126,                                             290126, 16.36559295654297, 119.72230529785156
1142, 2070.894469499588, 1, 34.517805261999456, 276, 290402,                                             290402, 17.63629722595215, 119.67310333251953
1143, 1941.2086421847343, 1, 27.87879638999948, 244, 290646,                                             290646, 16.628198623657227, 119.36046600341797
1144, 1807.6267657577991, 1, 22.957083133002016, 202, 290848,                                             290848, 17.734107971191406, 119.4991683959961
1145, 2258.805540472269, 1, 20.30326634499943, 150, 290998,                                             290998, 15.191813468933105, 119.03911590576172
1146, 2273.360644310713, 1, 28.265087233001395, 218, 291216,                                             291216, 15.772549629211426, 119.53543090820312
1147, -3474.00165951252, 3, 38.86942651600111, 284, 291500,                                             291500, 16.45126724243164, 119.24093627929688
1148, 1945.8330074250698, 1, 16.19380418199944, 128, 291628,                                             291628, 17.84742546081543, 119.83051300048828
1149, 2176.569633305073, 1, 23.35682500099938, 213, 291841,                                             291841, 15.753281593322754, 119.56604766845703
1150, 2351.9550052285194, 1, 12.75546102899898, 121, 291962,                                             291962, 15.218585968017578, 119.8383560180664
1151, -2469.3009948134422, 3, 19.29611188999843, 182, 292144,                                             292144, 17.802637100219727, 119.30547332763672
1152, 2341.1481837928295, 1, 16.015897631998087, 136, 292280,                                             292280, 16.464038848876953, 118.67010498046875
1153, 2178.7279971837997, 1, 19.995502152996778, 179, 292459,                                             292459, 17.206682205200195, 118.87873077392578
1154, 2240.7856799662113, 1, 12.698658929002704, 114, 292573,                                             292573, 16.798542022705078, 118.99525451660156
1155, -2347.1047761440277, 3, 3.7771226080003544, 33, 292606,                                             292606, 12.606307983398438, 119.07805633544922
1156, 2358.7287704348564, 1, 7.411899832000927, 67, 292673,                                             292673, 18.173755645751953, 118.5000228881836
1157, 2100.9124327898026, 1, 28.094399887999316, 243, 292916,                                             292916, 16.736492156982422, 118.89097595214844
1158, 1548.1544043421745, 1, 42.29005537000194, 396, 293312,                                             293312, 15.850704193115234, 119.60091400146484
1159, 1533.2221975624561, 1, 19.483592012998997, 173, 293485,                                             293485, 16.216463088989258, 117.7961196899414
1160, 1961.814880490303, 1, 15.748677445000794, 125, 293610,                                             293610, 15.622525215148926, 118.70423126220703
1161, -3039.3164007663727, 3, 37.868917922001856, 300, 293910,                                             293910, 17.220890045166016, 118.712158203125
1162, 2414.7372211813927, 1, 7.630262097998639, 60, 293970,                                             293970, 17.65732192993164, 117.67427825927734
1163, 2148.660988986492, 1, 24.18877911399977, 215, 294185,                                             294185, 17.382761001586914, 118.41144561767578
1164, 2263.0499516427517, 1, 16.060096301000158, 149, 294334,                                             294334, 17.203096389770508, 118.95144653320312
1165, 2378.605428814888, 1, 10.245776678002585, 91, 294425,                                             294425, 17.39861297607422, 116.03562927246094
1166, 2238.0369295179844, 1, 16.85444012500011, 164, 294589,                                             294589, 17.07815933227539, 118.31517791748047
1167, 2168.7298056185246, 1, 19.280504213998938, 196, 294785,                                             294785, 16.520307540893555, 119.23775482177734
1168, 2349.6492128372192, 1, 10.007069025999954, 106, 294891,                                             294891, 17.424888610839844, 118.1465835571289
1169, 2366.2669371068478, 1, 11.263088397998217, 101, 294992,                                             294992, 15.940189361572266, 118.13939666748047
1170, 1678.5206936001778, 1, 31.131196133999765, 277, 295269,                                             295269, 17.4095401763916, 119.8104248046875
1171, 1633.2139098346233, 1, 38.939468937998754, 314, 295583,                                             295583, 17.08670997619629, 118.25497436523438
1172, 2098.441251397133, 1, 31.112527241999487, 257, 295840,                                             295840, 16.62759780883789, 118.6415786743164
1173, 2188.2334004044533, 1, 16.43995513399932, 144, 295984,                                             295984, 17.858551025390625, 116.51142120361328
1174, 2008.5981562435627, 1, 16.3162152219993, 124, 296108,                                             296108, 20.21332359313965, 117.8508071899414
1175, 1600.774055287242, 1, 26.994844671000465, 228, 296336,                                             296336, 16.610137939453125, 117.65538787841797
1176, 1829.5199761241674, 1, 37.99255290699875, 319, 296655,                                             296655, 16.331298828125, 117.50069427490234
1177, -2918.5322623848915, 2, 20.215474568998616, 169, 296824,                                             296824, 17.17901611328125, 117.98212432861328
1178, 2383.716080546379, 1, 9.7655634440016, 62, 296886,                                             296886, 18.381332397460938, 117.10147857666016
1179, 2189.0854526758194, 1, 24.92018301400094, 199, 297085,                                             297085, 16.295574188232422, 117.11863708496094
1180, 2006.9183397889137, 1, 29.716036785997858, 220, 297305,                                             297305, 16.098087310791016, 118.62552642822266
1181, 1477.0337908565998, 1, 36.10933540399856, 267, 297572,                                             297572, 16.257068634033203, 119.19801330566406
1182, 2030.1815770864487, 1, 42.46232288900137, 292, 297864,                                             297864, 16.388256072998047, 117.53083801269531
1183, 1090.3364355564117, 1, 34.47045993099891, 287, 298151,                                             298151, 17.009309768676758, 117.3304672241211
1184, 1410.7800680994987, 1, 45.44489855500069, 378, 298529,                                             298529, 18.42729949951172, 117.236328125
1185, -2574.8811761140823, 3, 8.811571178001032, 57, 298586,                                             298586, 15.324967384338379, 118.12069702148438
1186, 2432.8064268529415, 1, 7.315415262997703, 55, 298641,                                             298641, 16.328014373779297, 117.0540771484375
1187, 2068.812745511532, 1, 11.005023486999562, 82, 298723,                                             298723, 18.349205017089844, 118.31742858886719
1188, 1688.7905494570732, 1, 17.616955581001093, 147, 298870,                                             298870, 16.62274932861328, 118.2451400756836
1189, 1712.9256188869476, 1, 17.35655522700108, 142, 299012,                                             299012, 14.720298767089844, 117.7879638671875
1190, -3161.9716445207596, 3, 21.148315343998547, 174, 299186,                                             299186, 16.37839698791504, 116.48013305664062
1191, -2483.052022576332, 2, 14.327992018999794, 124, 299310,                                             299310, 17.264543533325195, 118.57308959960938
1192, 2284.209955483675, 1, 17.494245449001028, 172, 299482,                                             299482, 17.227914810180664, 115.33238220214844
1193, 2075.7346201241016, 1, 29.31841521199749, 252, 299734,                                             299734, 18.31305694580078, 118.76153564453125
1194, 1174.50070053339, 1, 49.84692907900171, 442, 300176,                                             300176, 16.378116607666016, 116.78494262695312
1195, 2126.730790913105, 1, 28.44612455099923, 230, 300406,                                             300406, 17.686338424682617, 116.60894012451172
1196, 2276.6653071939945, 1, 16.672693945998617, 149, 300555,                                             300555, 18.297889709472656, 118.68929290771484
1197, 2321.7877700924873, 1, 15.625089509001555, 127, 300682,                                             300682, 17.695772171020508, 116.72164154052734
1198, 2106.960060119629, 1, 29.918035039001552, 267, 300949,                                             300949, 15.797975540161133, 117.833984375
1199, -2975.0338069200516, 2, 11.032720336999773, 97, 301046,                                             301046, 15.384442329406738, 116.92149353027344
1200, 1912.108341217041, 1, 27.8305216560002, 235, 301281,                                             301281, 17.789180755615234, 117.78015899658203
1201, 1731.5963614284992, 1, 18.503229038000427, 150, 301431,                                             301431, 15.800732612609863, 117.579345703125
1202, 2162.1478284597397, 1, 18.65728788100023, 164, 301595,                                             301595, 16.868818283081055, 115.28099822998047
1203, 2193.965625435114, 1, 17.477208959000563, 138, 301733,                                             301733, 19.604095458984375, 116.25366973876953
1204, 1612.2652760148048, 1, 36.0290010380013, 304, 302037,                                             302037, 17.1412296295166, 117.83309936523438
1205, 1758.7120566666126, 1, 25.847576896998362, 238, 302275,                                             302275, 15.856026649475098, 118.00740814208984
1206, 2233.665544986725, 1, 26.479968331001146, 198, 302473,                                             302473, 15.97607135772705, 117.92440795898438
1207, 2308.094355672598, 1, 20.681781470000715, 134, 302607,                                             302607, 17.616762161254883, 116.86457061767578
1208, 2101.9325182437897, 1, 29.72179541999867, 199, 302806,                                             302806, 16.125701904296875, 116.44377136230469
1209, -2554.062395453453, 2, 12.257044387999485, 83, 302889,                                             302889, 16.62848472595215, 117.57582092285156
1210, 2383.011488676071, 1, 9.282038395002019, 64, 302953,                                             302953, 17.069292068481445, 116.6532211303711
1211, 2164.6590251922607, 1, 33.259867175002, 216, 303169,                                             303169, 17.011878967285156, 116.1012191772461
1212, 2092.5243559479713, 1, 21.63306920300238, 144, 303313,                                             303313, 16.55364990234375, 117.18394470214844
1213, 2161.9576764702797, 1, 21.76263657799791, 159, 303472,                                             303472, 16.962337493896484, 117.10743713378906
1214, 999.3518941104412, 1, 40.41887631999998, 295, 303767,                                             303767, 15.471373558044434, 116.30397033691406
1215, 1686.071898341179, 1, 39.92925868100065, 280, 304047,                                             304047, 17.344511032104492, 115.78463745117188
1216, 2252.2285499870777, 1, 21.080780238000443, 147, 304194,                                             304194, 19.969385147094727, 116.93434143066406
1217, 2212.0404599308968, 1, 26.733518788001675, 175, 304369,                                             304369, 18.369647979736328, 115.32042694091797
1218, 1602.2074258476496, 1, 42.858635688000504, 285, 304654,                                             304654, 17.184202194213867, 115.61254119873047
1219, 2184.476234257221, 1, 20.901196814000286, 150, 304804,                                             304804, 18.153133392333984, 115.8489990234375
1220, 2088.74543890357, 1, 27.675368710999464, 196, 305000,                                             305000, 16.3530330657959, 115.44965362548828
1221, -2654.427390575409, 3, 4.434428406002553, 30, 305030,                                             305030, 16.224407196044922, 113.9174575805664
1222, 2378.999177545309, 1, 12.076876658000401, 92, 305122,                                             305122, 16.521787643432617, 115.0361099243164
1223, 1768.0156150460243, 1, 17.281511732999206, 133, 305255,                                             305255, 16.962560653686523, 115.0247573852539
1224, 1912.98542624712, 1, 47.26948573900154, 350, 305605,                                             305605, 17.142133712768555, 116.00274658203125
1225, -2564.218589782715, 3, 4.625730111001758, 30, 305635,                                             305635, 16.260601043701172, 116.2951431274414
1226, 2399.848863184452, 1, 8.430724378999003, 62, 305697,                                             305697, 16.8677921295166, 115.94097137451172
1227, 2324.3892990648746, 1, 21.03777126100249, 151, 305848,                                             305848, 15.786825180053711, 116.11669921875
1228, 891.0286893248558, 1, 54.594561252997664, 448, 306296,                                             306296, 17.326801300048828, 114.4336929321289
1229, -2315.7313579320908, 3, 7.7141215690026, 60, 306356,                                             306356, 18.8145751953125, 115.20476531982422
1230, 2112.9684599637985, 1, 17.519783106999967, 150, 306506,                                             306506, 17.511768341064453, 116.58735656738281
1231, 2141.970018416643, 1, 29.5097115460012, 256, 306762,                                             306762, 19.246519088745117, 113.46173858642578
1232, 1488.8418889641762, 1, 28.945746372999565, 257, 307019,                                             307019, 17.361825942993164, 114.79756927490234
1233, -2571.6860644817352, 2, 15.410247789001005, 132, 307151,                                             307151, 18.334285736083984, 112.6054916381836
1234, 2431.169309258461, 1, 6.817732786999841, 59, 307210,                                             307210, 14.673891067504883, 113.46805572509766
1235, -2877.4901564717293, 3, 15.500222833998123, 132, 307342,                                             307342, 17.758991241455078, 114.60868835449219
1236, 1519.1266666948795, 1, 20.926331791997654, 182, 307524,                                             307524, 19.048524856567383, 113.90255737304688
1237, 1995.8109516203403, 1, 19.342201681000006, 159, 307683,                                             307683, 16.686124801635742, 114.55233764648438
1238, -2851.0006848573685, 3, 9.462146809000842, 81, 307764,                                             307764, 16.659690856933594, 115.36978149414062
1239, 2415.702422440052, 1, 6.872649467000883, 64, 307828,                                             307828, 20.982282638549805, 115.0810546875
1240, 2310.4085837602615, 1, 13.900993641000241, 107, 307935,                                             307935, 19.525842666625977, 111.8560791015625
1241, 1391.2006700336933, 1, 45.15698771400275, 373, 308308,                                             308308, 16.926025390625, 114.31840515136719
1242, 1522.6621290445328, 1, 52.95670373499888, 365, 308673,                                             308673, 17.98818016052246, 114.01111602783203
1243, 1280.7767313420773, 1, 49.20901160599897, 382, 309055,                                             309055, 17.20514488220215, 113.87105560302734
1244, 1844.046949788928, 1, 35.803490373000386, 290, 309345,                                             309345, 16.837709426879883, 114.00003814697266
1245, 1665.4183117747307, 1, 20.943651792997116, 186, 309531,                                             309531, 16.469358444213867, 114.27588653564453
1246, 2230.5054289400578, 1, 18.30711024699849, 151, 309682,                                             309682, 15.930182456970215, 114.03833770751953
1247, 1730.6086028814316, 1, 23.784551540000393, 192, 309874,                                             309874, 15.551094055175781, 114.2613296508789
1248, -2873.7060203552246, 3, 19.709044561001065, 167, 310041,                                             310041, 17.4879207611084, 113.26117706298828
1249, 2269.5482941269875, 1, 17.235568013999, 136, 310177,                                             310177, 17.441444396972656, 113.36155700683594
1250, -2613.6989780664444, 3, 19.31546439199883, 164, 310341,                                             310341, 16.898359298706055, 113.86969757080078
1251, 1794.3251501321793, 1, 19.25331238000217, 165, 310506,                                             310506, 17.02288055419922, 113.57244110107422
1252, -3039.7712422907352, 3, 40.088757890000124, 322, 310828,                                             310828, 17.630796432495117, 114.1060791015625
1253, 2428.5060530900955, 1, 8.151651420001144, 58, 310886,                                             310886, 20.054515838623047, 114.13641357421875
1254, 2198.664804250002, 1, 20.28296611100086, 148, 311034,                                             311034, 17.671890258789062, 114.67579650878906
1255, 1824.906998515129, 1, 20.310704342002282, 137, 311171,                                             311171, 17.739839553833008, 112.7236099243164
1256, -2312.4133600592613, 2, 7.58434341300017, 54, 311225,                                             311225, 17.18443489074707, 113.62642669677734
1257, 2373.8401940464973, 1, 9.35512355299943, 67, 311292,                                             311292, 18.498031616210938, 116.01953125
1258, 1962.5962718129158, 1, 24.861174252997444, 181, 311473,                                             311473, 18.581687927246094, 114.46726989746094
1259, 1932.9350591897964, 1, 24.91637382400222, 181, 311654,                                             311654, 17.00435447692871, 111.68489074707031
1260, 1728.101320028305, 1, 19.334179072000552, 151, 311805,                                             311805, 16.872760772705078, 114.61919403076172
1261, 1861.4578771591187, 1, 20.468426240000554, 167, 311972,                                             311972, 16.186552047729492, 112.98815155029297
1262, 1970.2661799788475, 1, 40.98212108200096, 346, 312318,                                             312318, 15.80870246887207, 113.17537689208984
1263, 2158.6438993513584, 1, 23.217638905996864, 174, 312492,                                             312492, 17.06108283996582, 113.607177734375
1264, 2016.0820472240448, 1, 24.38545235499987, 192, 312684,                                             312684, 16.453689575195312, 114.1446304321289
1265, 2134.7291150689125, 1, 30.64910936099841, 225, 312909,                                             312909, 17.116724014282227, 112.26441192626953
1266, 1853.5548620969057, 1, 24.203710064997722, 165, 313074,                                             313074, 16.818967819213867, 111.68205261230469
1267, 1409.2618401646614, 1, 45.074322407999716, 350, 313424,                                             313424, 17.092262268066406, 110.94818115234375
1268, 1610.7227402329445, 1, 19.66837264700007, 157, 313581,                                             313581, 16.654287338256836, 111.162841796875
1269, 2243.535333752632, 1, 13.897014181999111, 118, 313699,                                             313699, 16.992536544799805, 111.37405395507812
1270, 1153.972596347332, 1, 29.673528039998928, 244, 313943,                                             313943, 15.303022384643555, 112.42930603027344
1271, 1342.1429306268692, 1, 45.2630191979988, 382, 314325,                                             314325, 16.64682960510254, 111.30225372314453
1272, 1505.4144406020641, 1, 43.598537827001564, 329, 314654,                                             314654, 16.527393341064453, 111.01334381103516
1273, 1318.398705869913, 1, 42.477091010998265, 309, 314963,                                             314963, 16.895416259765625, 110.85327911376953
1274, -2660.998054742813, 3, 11.812858245000825, 88, 315051,                                             315051, 16.643951416015625, 110.03142547607422
1275, 2043.663371682167, 1, 26.484569684002054, 185, 315236,                                             315236, 19.142623901367188, 112.2159194946289
1276, 2213.1451151371, 1, 29.71265163499993, 212, 315448,                                             315448, 18.93222427368164, 111.50045013427734
1277, 2141.564578205347, 1, 32.95302517399978, 243, 315691,                                             315691, 16.910049438476562, 111.20000457763672
1278, 1972.6743576228619, 1, 34.80072625400135, 264, 315955,                                             315955, 16.953704833984375, 110.28253936767578
1279, 1968.1556028723717, 1, 19.59919256899957, 161, 316116,                                             316116, 18.31494903564453, 110.97582244873047
1280, 2221.946668744087, 1, 24.375261487999524, 216, 316332,                                             316332, 17.083213806152344, 109.98222351074219
1281, 1544.6787578165531, 1, 37.00684348700088, 326, 316658,                                             316658, 16.44578742980957, 111.27434539794922
1282, 2267.0364295244217, 1, 18.29659151800297, 151, 316809,                                             316809, 15.18450927734375, 111.76968383789062
1283, 1073.6510061621666, 1, 37.789185436999105, 321, 317130,                                             317130, 16.60765266418457, 110.21334838867188
1284, 1594.8752091228962, 1, 17.245530981999764, 146, 317276,                                             317276, 14.841415405273438, 112.40729522705078
1285, 2166.04869556427, 1, 23.903330024000752, 195, 317471,                                             317471, 16.977231979370117, 110.7915267944336
1286, -4486.341529130936, 3, 48.76482592100001, 397, 317868,                                             317868, 17.08521270751953, 110.97359466552734
1287, 1707.138235926628, 1, 24.559976726999594, 210, 318078,                                             318078, 17.918432235717773, 111.27072143554688
1288, 2203.1157232522964, 1, 20.621923346003314, 176, 318254,                                             318254, 16.474925994873047, 109.39318084716797
1289, 2176.150617182255, 1, 24.73201980399972, 212, 318466,                                             318466, 17.906024932861328, 110.04148864746094
1290, 1594.9792014211416, 1, 50.53790015599952, 427, 318893,                                             318893, 18.609020233154297, 111.29307556152344
1291, 2202.7426551282406, 1, 18.591638934998628, 147, 319040,                                             319040, 16.66904640197754, 111.86479949951172
1292, 2330.153718352318, 1, 13.409229295000841, 111, 319151,                                             319151, 17.041810989379883, 110.8405532836914
1293, -3484.991569042206, 2, 28.471528008998575, 234, 319385,                                             319385, 15.355022430419922, 110.6819839477539
1294, 2318.6784325540066, 1, 16.594993612998223, 137, 319522,                                             319522, 16.78533935546875, 110.63304901123047
1295, 2194.624435186386, 1, 20.00964568999916, 175, 319697,                                             319697, 16.3243350982666, 111.05652618408203
1296, 2110.8260250091553, 1, 25.561377586000162, 218, 319915,                                             319915, 17.11726188659668, 108.80841827392578
1297, 2225.4543166458607, 1, 21.248403300000064, 183, 320098,                                             320098, 18.425241470336914, 109.15686798095703
1298, 1762.7141748964787, 1, 32.528665703001025, 281, 320379,                                             320379, 18.234241485595703, 110.21212768554688
1299, 2025.033458173275, 1, 34.667545073996735, 287, 320666,                                             320666, 15.71431827545166, 110.40127563476562
1300, 1585.8217247873545, 1, 46.44325398500223, 381, 321047,                                             321047, 16.850841522216797, 110.99919128417969
1301, 1514.568163573742, 1, 53.233714949001296, 383, 321430,                                             321430, 17.982681274414062, 110.9353256225586
1302, 1503.585988163948, 1, 23.120991367999522, 184, 321614,                                             321614, 19.007333755493164, 110.52517700195312
1303, -4444.343855142593, 3, 47.274861662997864, 375, 321989,                                             321989, 16.229154586791992, 109.71131134033203
1304, -2297.643652379513, 3, 13.861979599001643, 106, 322095,                                             322095, 18.703781127929688, 108.50871276855469
1305, -710.2323087751865, 1, 52.19392494800195, 435, 322530,                                             322530, 17.77964210510254, 109.66862487792969
1306, -2604.4164422154427, 3, 21.804449775998364, 191, 322721,                                             322721, 17.934646606445312, 109.72672271728516
1307, 2445.7587037682533, 1, 6.557141154000419, 54, 322775,                                             322775, 20.109512329101562, 112.25598907470703
1308, 2367.827658355236, 1, 12.686409309000737, 107, 322882,                                             322882, 18.19817543029785, 108.8471450805664
1309, 2066.9820127487183, 1, 32.1801943069986, 260, 323142,                                             323142, 18.702306747436523, 109.5416259765625
1310, 1758.9456214010715, 1, 44.48641729399969, 363, 323505,                                             323505, 17.57192039489746, 109.40250396728516
1311, -2318.7765989899635, 2, 23.164629467999475, 148, 323653,                                             323653, 15.973250389099121, 108.8921127319336
1312, 2396.1048871278763, 1, 10.13545477200023, 59, 323712,                                             323712, 16.175336837768555, 109.58056640625
1313, 2227.3407992124557, 1, 23.524510441999155, 150, 323862,                                             323862, 16.97602081298828, 108.9322738647461
1314, 2383.632726073265, 1, 13.447149670999352, 95, 323957,                                             323957, 18.71571159362793, 109.82344818115234
1315, 2345.4298037290573, 1, 14.733262107001792, 97, 324054,                                             324054, 18.608238220214844, 108.65895080566406
1316, 2031.9215649664402, 1, 34.556524252999225, 221, 324275,                                             324275, 15.988896369934082, 109.85271453857422
1317, -2657.0327993631363, 2, 19.334210995999456, 130, 324405,                                             324405, 18.353395462036133, 108.32413482666016
1318, 2422.6879544854164, 1, 7.270869920997939, 54, 324459,                                             324459, 17.887300491333008, 109.15624237060547
1319, 2334.016825079918, 1, 20.87892986999941, 131, 324590,                                             324590, 16.77423667907715, 108.0896987915039
1320, 2071.829154521227, 1, 52.54525871000078, 337, 324927,                                             324927, 17.0428524017334, 108.90312957763672
1321, -2442.8017550706863, 3, 14.701307892999466, 88, 325015,                                             325015, 19.253887176513672, 109.24836730957031
1322, 1159.2858620882034, 1, 24.944472096998652, 154, 325169,                                             325169, 17.34596824645996, 108.94123840332031
1323, 2366.703217446804, 1, 15.98521166700084, 107, 325276,                                             325276, 18.045799255371094, 108.80859375
1324, 2232.2752771377563, 1, 27.136697341997206, 163, 325439,                                             325439, 18.659114837646484, 107.76679992675781
1325, 2043.0848816633224, 1, 30.498968479001633, 173, 325612,                                             325612, 17.499610900878906, 109.43336486816406
1326, 2426.7724229097366, 1, 12.528697191999527, 70, 325682,                                             325682, 16.06297492980957, 108.74320220947266
1327, 2377.443225711584, 1, 15.645906647998345, 91, 325773,                                             325773, 15.648127555847168, 109.53905487060547
1328, 2314.794999599457, 1, 18.70999959600158, 114, 325887,                                             325887, 17.810195922851562, 108.4548568725586
1329, 2032.2182122468948, 1, 47.322906474000774, 239, 326126,                                             326126, 16.50303077697754, 108.12308502197266
1330, 2214.6277054846287, 1, 38.69202336199669, 220, 326346,                                             326346, 16.62108039855957, 107.61843872070312
1331, -2528.8986070156097, 2, 33.01534292799988, 195, 326541,                                             326541, 15.84392261505127, 107.95995330810547
1332, -2378.7803207039833, 3, 16.030955821002863, 99, 326640,                                             326640, 16.090349197387695, 106.26754760742188
1333, 2255.022166132927, 1, 18.21807157099829, 123, 326763,                                             326763, 17.1352596282959, 107.60796356201172
1334, 1434.0862717032433, 1, 56.308703202998004, 393, 327156,                                             327156, 18.118335723876953, 107.27317810058594
1335, 2182.5640430897474, 1, 29.189080737996846, 204, 327360,                                             327360, 16.088621139526367, 106.93450927734375
1336, 1812.5117902457714, 1, 30.03773316599836, 216, 327576,                                             327576, 17.002174377441406, 106.8687973022461
1337, 1948.6024406552315, 1, 22.744487900999957, 152, 327728,                                             327728, 18.14637565612793, 108.07266235351562
1338, 1579.2927194833755, 1, 31.79654723099884, 187, 327915,                                             327915, 16.99622344970703, 106.97817993164062
1339, 2266.9669509232044, 1, 32.10579629700078, 185, 328100,                                             328100, 16.477720260620117, 107.80155944824219
1340, 2046.167266011238, 1, 30.997878412999853, 172, 328272,                                             328272, 17.41100311279297, 107.9808120727539
1341, 2161.2868752777576, 1, 29.053892369000096, 254, 328526,                                             328526, 16.741683959960938, 106.99079895019531
1342, -2880.6138151586056, 3, 29.217088476001663, 274, 328800,                                             328800, 17.49290657043457, 106.66944122314453
1343, 1974.9409579634666, 1, 18.3700357250018, 167, 328967,                                             328967, 17.955299377441406, 107.63467407226562
1344, 1969.935412824154, 1, 25.233185882996622, 250, 329217,                                             329217, 16.85478973388672, 106.80982208251953
1345, 1112.7848420143127, 1, 37.85852581599829, 372, 329589,                                             329589, 16.437843322753906, 105.7636489868164
1346, 2282.4931102395058, 1, 13.066775324001355, 113, 329702,                                             329702, 18.206422805786133, 105.1090087890625
1347, 1841.4588264524937, 1, 30.874462029001734, 302, 330004,                                             330004, 18.973352432250977, 107.1789321899414
1348, 1096.5513634383678, 1, 42.04104051499962, 394, 330398,                                             330398, 17.848093032836914, 105.72339630126953
1349, 2237.2582717239857, 1, 18.588017369002046, 182, 330580,                                             330580, 18.108304977416992, 106.95755004882812
1350, 2264.1221259236336, 1, 13.453595006998512, 126, 330706,                                             330706, 15.714226722717285, 105.08552551269531
1351, 2129.47118011117, 1, 25.505919867999182, 243, 330949,                                             330949, 16.99696922302246, 105.54570007324219
1352, 1901.4509828686714, 1, 20.602476621999813, 206, 331155,                                             331155, 16.117908477783203, 105.22917175292969
1353, 2202.6466042399406, 1, 15.54948790599883, 145, 331300,                                             331300, 18.42017364501953, 104.60819244384766
1354, 2255.748612612486, 1, 18.586030295002274, 173, 331473,                                             331473, 17.76691436767578, 105.18045806884766
1355, 1919.6364572644234, 1, 36.717500912000105, 346, 331819,                                             331819, 17.87541389465332, 105.43457794189453
1356, 1695.3876309990883, 1, 26.069878424998024, 257, 332076,                                             332076, 16.367738723754883, 104.49212646484375
1357, 2071.1913101673126, 1, 16.43519357599871, 172, 332248,                                             332248, 18.846179962158203, 105.34407806396484
1358, 2388.57010653615, 1, 10.43150131099901, 94, 332342,                                             332342, 16.990406036376953, 107.56425476074219
1359, 2319.6152345836163, 1, 18.34091886799797, 167, 332509,                                             332509, 17.738027572631836, 106.40978240966797
1360, 2160.617552816868, 1, 26.096304631999374, 251, 332760,                                             332760, 17.347251892089844, 104.98668670654297
1361, 2056.1944098472595, 1, 24.586025525000878, 236, 332996,                                             332996, 17.260604858398438, 104.23944091796875
1362, 2053.977811008692, 1, 31.21994910000285, 281, 333277,                                             333277, 17.43733787536621, 105.55596160888672
1363, 1978.3703131079674, 1, 22.38177592500142, 180, 333457,                                             333457, 17.47079086303711, 103.55189514160156
1364, -2655.48959338665, 3, 15.893675761999475, 142, 333599,                                             333599, 17.85336685180664, 105.47303009033203
1365, 1888.938470005989, 1, 20.117542340998625, 176, 333775,                                             333775, 17.445592880249023, 105.89468383789062
1366, 1595.0742944777012, 1, 37.105097401999956, 340, 334115,                                             334115, 17.608678817749023, 105.24361419677734
1367, 2081.7824513316154, 1, 34.7764409650008, 299, 334414,                                             334414, 17.95557975769043, 103.73261260986328
1368, 2169.290326833725, 1, 19.946599715000048, 171, 334585,                                             334585, 16.75293731689453, 104.81085205078125
1369, 2300.1615164875984, 1, 18.60790123699917, 152, 334737,                                             334737, 17.614669799804688, 104.49625396728516
1370, 2101.0048734545708, 1, 23.692232654997497, 215, 334952,                                             334952, 18.14820098876953, 103.12662506103516
1371, 2304.319728553295, 1, 10.642300334002357, 97, 335049,                                             335049, 15.476561546325684, 103.64077758789062
1372, 1761.9337783157825, 1, 13.486195416000555, 127, 335176,                                             335176, 16.375293731689453, 104.66740417480469
1373, 2091.4109992980957, 1, 24.14828910199867, 240, 335416,                                             335416, 18.411853790283203, 103.76616668701172
1374, 2126.7036168575287, 1, 24.087381900000764, 215, 335631,                                             335631, 16.980581283569336, 103.22760009765625
1375, 1489.9881814271212, 1, 50.64240501199674, 405, 336036,                                             336036, 17.456737518310547, 103.61376190185547
1376, 2269.302199393511, 1, 17.0423841060001, 152, 336188,                                             336188, 18.858434677124023, 102.90995788574219
1377, 2365.7876296043396, 1, 9.846290050001699, 85, 336273,                                             336273, 19.484102249145508, 104.15147399902344
1378, 1921.6434897184372, 1, 14.954626122998889, 136, 336409,                                             336409, 15.846938133239746, 102.32554626464844
1379, 1658.6044309437275, 1, 28.245777429001464, 256, 336665,                                             336665, 17.294496536254883, 102.61962890625
1380, 2137.6172333955765, 1, 16.9296421250001, 164, 336829,                                             336829, 17.698421478271484, 102.21295928955078
1381, 2022.8599012494087, 1, 14.664134120001108, 148, 336977,                                             336977, 18.573856353759766, 103.38933563232422
1382, -3744.2663226127625, 1, 97.03159325799788, 953, 337930,                                             337930, 17.527992248535156, 103.3196029663086
1383, 1599.2045462429523, 1, 32.46238543000072, 320, 338250,                                             338250, 17.93279266357422, 104.26283264160156
1384, -2708.4558334350586, 2, 7.827471860997321, 80, 338330,                                             338330, 18.68407440185547, 102.82086181640625
1385, -2790.0574414134026, 3, 16.584868720001396, 165, 338495,                                             338495, 17.93526840209961, 102.11225128173828
1386, 1528.6219125688076, 1, 22.06716809199861, 224, 338719,                                             338719, 17.360836029052734, 102.70318603515625
1387, 1268.2250199317932, 1, 38.0270780719984, 376, 339095,                                             339095, 17.95636558532715, 103.2897720336914
1388, -2508.388351023197, 2, 7.830016197000077, 80, 339175,                                             339175, 14.527711868286133, 100.71073913574219
1389, 2387.3042756021023, 1, 13.031433849002497, 123, 339298,                                             339298, 17.717771530151367, 102.76956176757812
1390, 1502.3923645019531, 1, 23.826435221002612, 243, 339541,                                             339541, 17.00117301940918, 102.56497192382812
1391, 2178.319234728813, 1, 21.9791598610027, 221, 339762,                                             339762, 16.487749099731445, 103.61351776123047
1392, 1990.7381710112095, 1, 29.575364495998656, 293, 340055,                                             340055, 17.215003967285156, 102.41647338867188
1393, 2120.829921066761, 1, 24.670814723998774, 245, 340300,                                             340300, 16.339704513549805, 102.91246795654297
1394, 2155.752151399851, 1, 22.75848975700137, 237, 340537,                                             340537, 18.756772994995117, 102.2047348022461
1395, 2007.5463573634624, 1, 39.548532594999415, 372, 340909,                                             340909, 17.334571838378906, 102.98504638671875
1396, 1090.817244052887, 1, 34.84869198100205, 347, 341256,                                             341256, 16.726045608520508, 101.64807891845703
1397, 1861.5546173751354, 1, 32.052027419002115, 271, 341527,                                             341527, 18.17646598815918, 101.43276977539062
1398, 2082.059236496687, 1, 18.690288719997625, 199, 341726,                                             341726, 16.784122467041016, 102.1700668334961
1399, 1563.4195352345705, 1, 39.44427104799979, 351, 342077,                                             342077, 17.368350982666016, 102.17350769042969
1400, 1829.0874395370483, 1, 26.03081028499946, 249, 342326,                                             342326, 17.266801834106445, 100.48858642578125
1401, -3084.621493190527, 3, 36.833363432000624, 351, 342677,                                             342677, 16.45081329345703, 101.16643524169922
1402, 2266.8197435736656, 1, 11.656118160000915, 119, 342796,                                             342796, 18.40031623840332, 101.08338165283203
1403, 1454.9212288856506, 1, 21.37734085000193, 215, 343011,                                             343011, 16.981229782104492, 101.21869659423828
1404, 2239.481404006481, 1, 11.371959611999046, 112, 343123,                                             343123, 16.03055191040039, 100.94171142578125
1405, 1589.7318620085716, 1, 22.50315708799826, 223, 343346,                                             343346, 17.01653480529785, 101.09317779541016
1406, 2198.4787999093533, 1, 20.640593889998854, 186, 343532,                                             343532, 18.127655029296875, 99.91083526611328
1407, 1464.2974681258202, 1, 29.7701293909995, 284, 343816,                                             343816, 16.978029251098633, 100.08171844482422
1408, 100.48646020889282, 1, 52.004023251000035, 494, 344310,                                             344310, 18.569568634033203, 101.1309814453125
1409, -3393.5795406103134, 2, 27.815914255999814, 281, 344591,                                             344591, 18.802087783813477, 101.23715209960938
1410, 1910.3771854639053, 1, 18.231626602999313, 182, 344773,                                             344773, 17.853384017944336, 101.85638427734375
1411, 1261.3347885459661, 1, 31.347283101000357, 269, 345042,                                             345042, 17.872325897216797, 101.72344207763672
1412, 2174.6168870329857, 1, 33.400561491998815, 292, 345334,                                             345334, 17.69036293029785, 101.63223266601562
1413, 1846.0446838885546, 1, 30.27835689800122, 251, 345585,                                             345585, 17.723554611206055, 100.20865631103516
1414, 1705.6675409972668, 1, 40.02336079000088, 337, 345922,                                             345922, 17.35258674621582, 99.20532989501953
1415, 751.5087030827999, 1, 36.146867678999115, 313, 346235,                                             346235, 16.29663848876953, 99.43590545654297
1416, 1862.9005009233952, 1, 42.8983683990009, 370, 346605,                                             346605, 16.78573989868164, 100.68196868896484
1417, 1537.5638033151627, 1, 43.025229503000446, 373, 346978,                                             346978, 17.92343521118164, 99.95333099365234
1418, 2218.9698011279106, 1, 24.1771120960002, 197, 347175,                                             347175, 16.41762924194336, 100.98306274414062
1419, 1992.4000063538551, 1, 31.70002379899961, 272, 347447,                                             347447, 16.13336753845215, 98.823974609375
1420, 2135.9976048469543, 1, 18.39176194600077, 169, 347616,                                             347616, 16.893970489501953, 99.78912353515625
1421, 2263.6880150437355, 1, 16.15296993800075, 163, 347779,                                             347779, 17.152545928955078, 97.86121368408203
1422, -2335.2200446128845, 2, 7.635141497001314, 72, 347851,                                             347851, 17.289936065673828, 97.61238861083984
1423, -2467.8514766693115, 3, 13.969848417997127, 144, 347995,                                             347995, 17.76825523376465, 97.64736938476562
1424, 1283.865640759468, 1, 23.098290576999716, 218, 348213,                                             348213, 18.25868797302246, 98.39115905761719
1425, 1651.918904259801, 1, 23.71722372700242, 227, 348440,                                             348440, 19.273164749145508, 98.18119812011719
1426, 2146.108789026737, 1, 22.411580610001693, 229, 348669,                                             348669, 17.223283767700195, 96.71992492675781
1427, 1311.9271511137486, 1, 43.33750327999951, 441, 349110,                                             349110, 16.8723087310791, 98.2931137084961
1428, 1809.9687332510948, 1, 21.78570890500123, 221, 349331,                                             349331, 17.815019607543945, 96.74406433105469
1429, 2233.7329154610634, 1, 15.843686968997645, 158, 349489,                                             349489, 14.963406562805176, 97.60153198242188
1430, 1763.253555893898, 1, 30.938044583999726, 324, 349813,                                             349813, 16.495258331298828, 96.79010009765625
1431, 1564.6090444624424, 1, 34.49932251500286, 360, 350173,                                             350173, 17.704357147216797, 97.05030059814453
1432, 1994.8261829018593, 1, 18.20268686700001, 171, 350344,                                             350344, 16.757417678833008, 96.65422821044922
1433, 2084.2181954085827, 1, 27.339848466999683, 288, 350632,                                             350632, 16.448829650878906, 96.95234680175781
1434, 2174.623239159584, 1, 19.113625705998857, 185, 350817,                                             350817, 17.905738830566406, 98.3321762084961
1435, 2092.050568282604, 1, 28.61786312299955, 303, 351120,                                             351120, 15.795634269714355, 98.27155303955078
1436, 2304.125501692295, 1, 11.68934727099986, 110, 351230,                                             351230, 17.984182357788086, 98.29778289794922
1437, 2241.993601858616, 1, 27.087801996000053, 265, 351495,                                             351495, 17.41935157775879, 98.03814697265625
1438, 2183.184126973152, 1, 20.165617647002364, 186, 351681,                                             351681, 16.186100006103516, 98.00736999511719
1439, 1640.1341369748116, 1, 23.174465097999928, 209, 351890,                                             351890, 16.54987335205078, 97.84000396728516
1440, 2063.183036237955, 1, 21.0859439320011, 211, 352101,                                             352101, 17.947751998901367, 98.09610748291016
1441, 1765.915991857648, 1, 31.658442091000325, 329, 352430,                                             352430, 16.958467483520508, 96.22467041015625
1442, 1702.5990101099014, 1, 32.18605618499714, 327, 352757,                                             352757, 17.437002182006836, 97.02176666259766
1443, 2167.61327368021, 1, 16.464864493998903, 166, 352923,                                             352923, 17.849246978759766, 96.77214050292969
1444, -2461.7705076932907, 3, 12.741828710997652, 109, 353032,                                             353032, 16.01279640197754, 96.64773559570312
1445, 2345.322292149067, 1, 11.085283648000768, 114, 353146,                                             353146, 16.828834533691406, 96.40838623046875
1446, 2198.898436129093, 1, 17.093679959998553, 170, 353316,                                             353316, 15.885492324829102, 97.25917053222656
1447, -2395.169703722, 2, 7.577022197001497, 73, 353389,                                             353389, 17.62854766845703, 95.54302978515625
1448, 2286.1484803259373, 1, 10.839296865997312, 115, 353504,                                             353504, 17.054227828979492, 97.07044219970703
1449, 1742.1022415161133, 1, 15.003380676000234, 156, 353660,                                             353660, 19.66187858581543, 94.58466339111328
1450, 2314.2557051479816, 1, 16.64076499099974, 169, 353829,                                             353829, 17.93408966064453, 97.13162994384766
1451, -2568.6792166233063, 3, 10.936126016000344, 103, 353932,                                             353932, 16.20821762084961, 95.53746032714844
1452, 2049.276634335518, 1, 25.939272734998667, 268, 354200,                                             354200, 17.471179962158203, 95.47608947753906
1453, 1061.5811388790607, 1, 47.471203737000906, 479, 354679,                                             354679, 17.17776107788086, 94.7783432006836
1454, 2007.868915528059, 1, 36.58863408899924, 321, 355000,                                             355000, 16.572742462158203, 96.46770477294922
1455, 1913.1307101398706, 1, 32.33390671200323, 302, 355302,                                             355302, 17.9782772064209, 97.2584457397461
1456, 1380.8444299548864, 1, 34.14059072500095, 326, 355628,                                             355628, 17.539264678955078, 96.27811431884766
1457, 2025.2932562828064, 1, 32.0956994549997, 317, 355945,                                             355945, 18.66455841064453, 97.60157775878906
1458, -3885.138803243637, 2, 18.700892937999015, 192, 356137,                                             356137, 18.298294067382812, 96.91048431396484
1459, 2194.407192617655, 1, 12.956068437000795, 132, 356269,                                             356269, 16.895238876342773, 95.7847900390625
1460, 2202.70883795619, 1, 16.488815403001354, 168, 356437,                                             356437, 18.618928909301758, 94.14800262451172
1461, 1298.6309120506048, 1, 31.746502424000937, 334, 356771,                                             356771, 17.19183921813965, 95.70462799072266
1462, 1957.2685717344284, 1, 21.13730343300267, 204, 356975,                                             356975, 16.791187286376953, 97.2756576538086
1463, 1333.2963328361511, 1, 34.400727240998094, 342, 357317,                                             357317, 16.038759231567383, 95.88414764404297
1464, 2119.578346475959, 1, 24.286646222000854, 239, 357556,                                             357556, 17.51398277282715, 96.93907165527344
1465, 1374.394280463457, 1, 42.23908389099961, 415, 357971,                                             357971, 18.27292251586914, 95.96009826660156
1466, 2114.549449414015, 1, 25.55131491800057, 235, 358206,                                             358206, 17.119789123535156, 96.68087005615234
1467, 2021.0460000038147, 1, 26.215161099000397, 235, 358441,                                             358441, 17.912826538085938, 94.95650482177734
1468, 1020.2112936079502, 1, 43.27704321700003, 436, 358877,                                             358877, 17.324460983276367, 95.783447265625
1469, -2666.305155992508, 3, 32.72123294500125, 218, 359095,                                             359095, 17.328508377075195, 95.79685974121094
1470, 2421.4230493307114, 1, 8.941088794999814, 35, 359130,                                             359130, 17.37173080444336, 94.43140411376953
1471, 2341.7868334650993, 1, 17.48536552800215, 118, 359248,                                             359248, 17.303020477294922, 94.93785095214844
1472, 2186.8552539646626, 1, 28.177310569000838, 191, 359439,                                             359439, 16.26810646057129, 93.9385757446289
1473, 2127.7904672175646, 1, 40.58944232200156, 261, 359700,                                             359700, 18.339975357055664, 95.96807861328125
1474, 1699.0530889630318, 1, 33.936620100001164, 292, 359992,                                             359992, 17.150609970092773, 95.7864761352539
1475, 1788.369831264019, 1, 35.13631431899921, 304, 360296,                                             360296, 18.068710327148438, 94.09295654296875
1476, 1758.8240312337875, 1, 48.56149415799882, 400, 360696,                                             360696, 18.517518997192383, 94.74040985107422
1477, 1774.5476796030998, 1, 26.15729495099731, 216, 360912,                                             360912, 17.63927459716797, 94.9691390991211
1478, 1646.1194210350513, 1, 27.45694510499743, 203, 361115,                                             361115, 16.183055877685547, 94.84457397460938
1479, 2168.309797823429, 1, 32.92116294100197, 237, 361352,                                             361352, 17.8664493560791, 95.85737609863281
1480, 1991.3245255351067, 1, 42.91210452800078, 318, 361670,                                             361670, 18.508665084838867, 93.44357299804688
1481, 2214.8987767398357, 1, 23.36023383599968, 201, 361871,                                             361871, 18.172073364257812, 93.98133087158203
1482, 1874.2494595646858, 1, 26.771827778000443, 230, 362101,                                             362101, 17.251022338867188, 92.930419921875
1483, 2075.7103382200003, 1, 24.44953281099879, 230, 362331,                                             362331, 16.240158081054688, 92.38203430175781
1484, 2364.358575284481, 1, 9.62860068000009, 92, 362423,                                             362423, 16.708398818969727, 95.17805480957031
1485, 2338.3986033797264, 1, 15.525327098999696, 127, 362550,                                             362550, 17.476015090942383, 93.97926330566406
1486, 2070.1546465158463, 1, 21.73340761900181, 196, 362746,                                             362746, 15.299428939819336, 93.74556732177734
1487, 1118.5499147176743, 1, 29.257169471999077, 268, 363014,                                             363014, 16.93483543395996, 92.50039672851562
1488, 2288.5845682770014, 1, 23.691310086996964, 208, 363222,                                             363222, 16.963809967041016, 92.47554016113281
1489, 2053.85712108016, 1, 18.525237390000257, 161, 363383,                                             363383, 16.189794540405273, 93.5835189819336
1490, 1525.2678774297237, 1, 34.47836924200237, 309, 363692,                                             363692, 16.824613571166992, 92.53385162353516
1491, 2192.2741442918777, 1, 20.507409093002934, 182, 363874,                                             363874, 17.326658248901367, 92.0201187133789
1492, 2377.861529633403, 1, 11.671220213000197, 100, 363974,                                             363974, 17.022602081298828, 91.70015716552734
1493, 2343.6400715708733, 1, 10.677644982999482, 107, 364081,                                             364081, 18.529237747192383, 92.50028991699219
1494, 2375.0989841520786, 1, 9.656362031000754, 83, 364164,                                             364164, 17.838727951049805, 94.60789489746094
1495, 1578.616727411747, 1, 21.985771170999215, 195, 364359,                                             364359, 16.41579818725586, 92.06986999511719
1496, 1407.5756171941757, 1, 40.76625055600016, 395, 364754,                                             364754, 17.860645294189453, 92.04561614990234
1497, 1792.9982361793518, 1, 28.919518533999508, 271, 365025,                                             365025, 19.265474319458008, 92.91281127929688
1498, 1512.991790086031, 1, 31.561771428998327, 284, 365309,                                             365309, 16.973623275756836, 91.91029357910156
1499, -2324.7552746534348, 2, 8.807574851001846, 77, 365386,                                             365386, 17.112178802490234, 93.43919372558594
1500, 2391.819967150688, 1, 7.844486164998671, 55, 365441,                                             365441, 20.073122024536133, 89.89781951904297
1501, 2293.8950759470463, 1, 15.399066439997114, 136, 365577,                                             365577, 17.365100860595703, 91.93438720703125
1502, 1896.8494698107243, 1, 28.448659417997987, 260, 365837,                                             365837, 16.738237380981445, 91.91010284423828
1503, 2178.3104236125946, 1, 24.75761391099877, 224, 366061,                                             366061, 17.507373809814453, 90.50823974609375
1504, 1964.0166528075933, 1, 34.433287544998166, 305, 366366,                                             366366, 16.22231674194336, 91.64674377441406
1505, 2333.662000119686, 1, 12.883622622000985, 119, 366485,                                             366485, 15.603653907775879, 91.47756958007812
1506, 2152.574960768223, 1, 18.080726355998195, 163, 366648,                                             366648, 17.403793334960938, 92.8069076538086
1507, 2393.4168213307858, 1, 9.57341573800295, 81, 366729,                                             366729, 18.914461135864258, 93.17292022705078
1508, 896.1733551025391, 1, 39.82574239300084, 382, 367111,                                             367111, 16.537046432495117, 92.06748962402344
1509, 2047.7485195100307, 1, 32.08933873299975, 309, 367420,                                             367420, 17.69463539123535, 91.31422424316406
1510, 2356.689457952976, 1, 9.641215512998315, 105, 367525,                                             367525, 20.46346664428711, 91.23099517822266
1511, 1674.6699631512165, 1, 33.43658549000247, 305, 367830,                                             367830, 16.139095306396484, 90.98845672607422
1512, 2141.645737051964, 1, 22.50216219900176, 215, 368045,                                             368045, 16.33610725402832, 91.26411437988281
1513, 2118.4233337044716, 1, 27.70774004499981, 273, 368318,                                             368318, 16.900144577026367, 91.55681610107422
1514, 1743.1993553340435, 1, 31.173862161002035, 315, 368633,                                             368633, 18.633228302001953, 90.77307891845703
1515, 1744.2199808061123, 1, 34.89679391700338, 343, 368976,                                             368976, 17.459707260131836, 91.5919418334961
1516, 1748.3167118132114, 1, 17.57237879600143, 165, 369141,                                             369141, 18.50369644165039, 90.3594741821289
1517, 2143.2763144671917, 1, 24.876942622999195, 250, 369391,                                             369391, 16.3184871673584, 89.87244415283203
1518, 2155.328295171261, 1, 24.73648794899782, 230, 369621,                                             369621, 17.31683349609375, 92.08760070800781
1519, -2772.4318811893463, 3, 25.284276368001883, 256, 369877,                                             369877, 17.255409240722656, 90.06991577148438
1520, 2397.690920293331, 1, 6.5868388380004035, 69, 369946,                                             369946, 15.896184921264648, 89.92225646972656
1521, 2330.011635661125, 1, 17.702303515001404, 151, 370097,                                             370097, 15.718064308166504, 88.9949951171875
1522, 1891.0375608503819, 1, 20.09166739399734, 192, 370289,                                             370289, 16.366941452026367, 91.33096313476562
1523, 2270.550724565983, 1, 15.847165431998292, 165, 370454,                                             370454, 18.149789810180664, 91.1680679321289
1524, 2232.262346148491, 1, 15.861457590999635, 153, 370607,                                             370607, 15.870911598205566, 90.16151428222656
1525, 1445.2015940248966, 1, 35.51788468000086, 339, 370946,                                             370946, 18.12547492980957, 91.18025207519531
1526, 1054.2289917469025, 1, 47.518248754000524, 450, 371396,                                             371396, 16.15186882019043, 89.495361328125
1527, 1686.6210203170776, 1, 28.42981931599934, 281, 371677,                                             371677, 17.90294075012207, 90.76016998291016
1528, 1614.1705240905285, 1, 36.89328281200142, 380, 372057,                                             372057, 17.255332946777344, 90.7498779296875
1529, -3664.757333278656, 2, 29.97068590500203, 301, 372358,                                             372358, 18.912532806396484, 91.18739318847656
1530, 2178.121640086174, 1, 12.563292036000348, 129, 372487,                                             372487, 17.217205047607422, 88.94244384765625
1531, 1927.9640169739723, 1, 13.481142718999763, 137, 372624,                                             372624, 17.958826065063477, 90.13556671142578
1532, 2054.874362051487, 1, 23.827471838998463, 221, 372845,                                             372845, 18.667203903198242, 89.86561584472656
1533, 2273.1348777115345, 1, 18.22843766600272, 165, 373010,                                             373010, 17.679231643676758, 89.62646484375
1534, -2958.2528008818626, 2, 26.920259995997185, 251, 373261,                                             373261, 17.327022552490234, 91.22237396240234
1535, 2191.516553968191, 1, 16.876175853998575, 155, 373416,                                             373416, 17.682748794555664, 89.33727264404297
1536, 1051.5733321011066, 1, 25.867269178001152, 253, 373669,                                             373669, 16.61071014404297, 90.86534881591797
1537, 2273.225644558668, 1, 19.252805882999382, 157, 373826,                                             373826, 19.502168655395508, 90.0245590209961
1538, 2333.8810591101646, 1, 13.099586558000738, 93, 373919,                                             373919, 17.045490264892578, 90.93284606933594
1539, 1700.6073188781738, 1, 44.38080955799887, 361, 374280,                                             374280, 17.000436782836914, 89.98217010498047
1540, 1792.0948167145252, 1, 28.880538890000025, 244, 374524,                                             374524, 18.02374839782715, 89.18193054199219
1541, 2382.150514662266, 1, 11.84860934000244, 96, 374620,                                             374620, 18.017948150634766, 86.83634185791016
1542, 1672.321061104536, 1, 26.703960481998365, 240, 374860,                                             374860, 18.467884063720703, 89.04557800292969
1543, 1459.901481732726, 1, 46.61177345299802, 401, 375261,                                             375261, 17.597314834594727, 89.89872741699219
1544, 2101.9645695388317, 1, 33.00707238399991, 302, 375563,                                             375563, 16.146570205688477, 88.35311126708984
1545, 2199.6091580688953, 1, 27.67645997799991, 229, 375792,                                             375792, 17.709638595581055, 87.93132781982422
1546, 2092.974576175213, 1, 24.51965068899881, 214, 376006,                                             376006, 16.914840698242188, 87.83533477783203
1547, 1537.0338232815266, 1, 28.521739485997387, 257, 376263,                                             376263, 17.675079345703125, 88.87696838378906
1548, 2152.290462732315, 1, 17.27413471700129, 166, 376429,                                             376429, 17.483619689941406, 89.08728790283203
1549, 1397.3219847679138, 1, 41.29594738399828, 380, 376809,                                             376809, 16.753097534179688, 87.2754135131836
1550, 1489.6113518029451, 1, 35.193933278998884, 342, 377151,                                             377151, 17.601661682128906, 87.71649169921875
1551, 2223.280269831419, 1, 16.743523695000476, 157, 377308,                                             377308, 17.398706436157227, 86.5499496459961
1552, -3644.646633565426, 3, 29.58935705100157, 262, 377570,                                             377570, 15.644683837890625, 88.01058959960938
1553, 2391.2376924157143, 1, 7.23284904799948, 65, 377635,                                             377635, 14.572251319885254, 87.68111419677734
1554, 2081.081388235092, 1, 24.36419600499721, 237, 377872,                                             377872, 17.734830856323242, 87.26602935791016
1555, 2274.043975561857, 1, 16.755896661001316, 155, 378027,                                             378027, 16.385820388793945, 88.9272232055664
1556, 2349.8282395005226, 1, 15.066198258999066, 141, 378168,                                             378168, 17.41094207763672, 87.99284362792969
1557, 2314.1962830126286, 1, 13.629240452002705, 126, 378294,                                             378294, 16.584308624267578, 87.76872253417969
1558, 2241.462449669838, 1, 13.174669708998408, 117, 378411,                                             378411, 16.593996047973633, 88.50760650634766
1559, 1966.1918569207191, 1, 18.524926594000135, 184, 378595,                                             378595, 17.085519790649414, 87.7813949584961
1560, 1758.506163239479, 1, 24.70453091499803, 200, 378795,                                             378795, 17.799463272094727, 87.60322570800781
1561, 2041.3108357787132, 1, 33.93641396300154, 204, 378999,                                             378999, 16.24585723876953, 87.33134460449219
1562, 1896.2836829721928, 1, 24.48309667400099, 155, 379154,                                             379154, 16.634401321411133, 87.28399658203125
1563, 2278.027463018894, 1, 24.11230201899889, 168, 379322,                                             379322, 15.832942008972168, 86.19181060791016
1564, 2313.0864498615265, 1, 16.797170640998957, 121, 379443,                                             379443, 18.945796966552734, 87.70409393310547
1565, -2277.3835723400116, 3, 14.115482122000685, 110, 379553,                                             379553, 17.30027961730957, 87.25383758544922
1566, -2507.254345715046, 3, 17.86311974000273, 145, 379698,                                             379698, 17.10897445678711, 88.6388931274414
1567, 1920.5662882328033, 1, 23.95292750199951, 201, 379899,                                             379899, 18.08576774597168, 86.80414581298828
1568, 2313.205822855234, 1, 12.307075757998973, 98, 379997,                                             379997, 16.48575782775879, 87.11412048339844
1569, 2289.008095085621, 1, 12.273278310000023, 100, 380097,                                             380097, 14.51486587524414, 85.86325073242188
1570, 2163.034386217594, 1, 20.295622044999618, 148, 380245,                                             380245, 13.87486457824707, 85.87887573242188
1571, 1518.7737738490105, 1, 32.582861939001305, 243, 380488,                                             380488, 17.27301788330078, 86.90705871582031
1572, 2355.96770042181, 1, 13.771251097998174, 104, 380592,                                             380592, 16.755146026611328, 85.54198455810547
1573, 1545.5295221805573, 1, 45.57564118799928, 344, 380936,                                             380936, 15.609173774719238, 86.55706024169922
1574, 2271.0492204129696, 1, 18.29671885100106, 141, 381077,                                             381077, 18.492591857910156, 85.16162109375
1575, 2292.2080923318863, 1, 21.13316481199945, 167, 381244,                                             381244, 18.80009651184082, 86.01358795166016
1576, 2375.033661544323, 1, 12.334533301000192, 90, 381334,                                             381334, 18.08839988708496, 86.09848022460938
1577, 1849.8433842658997, 1, 25.25594286100022, 193, 381527,                                             381527, 18.43390655517578, 88.05684661865234
1578, 2149.904924362898, 1, 28.674204285998712, 230, 381757,                                             381757, 17.36676025390625, 85.90939331054688
1579, 2236.800870090723, 1, 24.00863136299813, 192, 381949,                                             381949, 18.415456771850586, 86.2876968383789
1580, 2124.0466078817844, 1, 28.10432492200198, 216, 382165,                                             382165, 16.171890258789062, 86.95844268798828
1581, 2250.3648745417595, 1, 13.393916805001936, 111, 382276,                                             382276, 16.452571868896484, 86.7646255493164
1582, 2370.2141192555428, 1, 15.119036317999416, 127, 382403,                                             382403, 19.97756004333496, 88.0228500366211
1583, 1374.38275000453, 1, 42.899991375001264, 361, 382764,                                             382764, 18.27713966369629, 86.2029800415039
1584, 1968.9104154109955, 1, 34.8143604149991, 288, 383052,                                             383052, 18.00995445251465, 87.08221435546875
1585, 1270.7601261138916, 1, 37.13241395300065, 295, 383347,                                             383347, 17.735074996948242, 86.88339233398438
1586, 1420.7983167767525, 1, 38.20358609599862, 319, 383666,                                             383666, 15.800070762634277, 86.43157196044922
1587, 2169.099619746208, 1, 30.3670451830003, 233, 383899,                                             383899, 17.463119506835938, 87.23262786865234
1588, 1492.4718949645758, 1, 49.96230092100086, 349, 384248,                                             384248, 17.100828170776367, 86.4838638305664
1589, 1616.2572807371616, 1, 46.27225226799783, 324, 384572,                                             384572, 15.730988502502441, 86.7408218383789
1590, 1961.14889934659, 1, 36.72678774999804, 303, 384875,                                             384875, 16.949434280395508, 85.76112365722656
1591, 2199.4566308259964, 1, 16.705367924998427, 131, 385006,                                             385006, 16.96687889099121, 87.8101806640625
1592, 2126.0225228071213, 1, 28.751696758001344, 243, 385249,                                             385249, 17.40709114074707, 86.3888931274414
1593, 2298.9479100704193, 1, 13.4627015570004, 107, 385356,                                             385356, 16.808191299438477, 88.41326904296875
1594, 2079.0191893577576, 1, 28.56219896100083, 234, 385590,                                             385590, 18.039085388183594, 86.30706787109375
1595, 1030.049560174346, 1, 52.20476955299819, 431, 386021,                                             386021, 17.050357818603516, 86.00263977050781
1596, 2091.2284326553345, 1, 24.858920210997894, 210, 386231,                                             386231, 16.98460578918457, 86.70944213867188
1597, 1814.9887662827969, 1, 43.31299743300042, 363, 386594,                                             386594, 18.09654426574707, 86.6508560180664
1598, 1685.9788606762886, 1, 41.658623966999585, 338, 386932,                                             386932, 17.942094802856445, 87.54047393798828
1599, 1821.9055377840996, 1, 33.56890798200038, 208, 387140,                                             387140, 18.00183868408203, 87.67794799804688
1600, -2355.7039991617203, 2, 16.126846466002462, 110, 387250,                                             387250, 16.339170455932617, 86.21887969970703
1601, 2358.319467484951, 1, 17.08175386199946, 118, 387368,                                             387368, 18.544443130493164, 86.25691223144531
1602, 1943.32645714283, 1, 21.086452447001648, 159, 387527,                                             387527, 15.54565715789795, 87.67189025878906
1603, 2132.993159234524, 1, 20.028101466999942, 138, 387665,                                             387665, 18.497440338134766, 86.98816680908203
1604, 2219.4276007413864, 1, 14.682887810002285, 105, 387770,                                             387770, 16.429325103759766, 86.600341796875
1605, 2232.057775437832, 1, 31.46359936600129, 239, 388009,                                             388009, 15.20495891571045, 87.42605590820312
1606, -2413.870485842228, 2, 27.10806766300084, 205, 388214,                                             388214, 17.938613891601562, 86.11270904541016
1607, 2290.2487748265266, 1, 12.05927931900078, 91, 388305,                                             388305, 17.390249252319336, 87.39706420898438
1608, 1585.3889936804771, 1, 26.351105404999544, 196, 388501,                                             388501, 16.439172744750977, 86.59716033935547
1609, 2361.7708268761635, 1, 13.705434576997504, 111, 388612,                                             388612, 14.97131061553955, 84.92271423339844
1610, 1776.7064901292324, 1, 23.757239841997944, 183, 388795,                                             388795, 17.414644241333008, 86.18829345703125
1611, 2314.362478107214, 1, 11.997101024000585, 98, 388893,                                             388893, 15.890548706054688, 85.49473571777344
1612, 2155.556469708681, 1, 17.431870960997912, 143, 389036,                                             389036, 15.319730758666992, 88.44723510742188
1613, 1352.0383436381817, 1, 22.171446259999357, 185, 389221,                                             389221, 16.2460994720459, 86.15946197509766
1614, 2342.2872949540615, 1, 12.41604498399829, 108, 389329,                                             389329, 15.920982360839844, 85.60831451416016
1615, 2145.417586505413, 1, 25.336851216001378, 215, 389544,                                             389544, 17.171960830688477, 86.63248443603516
1616, 2120.4680659770966, 1, 19.84805465699901, 150, 389694,                                             389694, 16.343942642211914, 86.96018981933594
1617, 2332.5467517375946, 1, 11.238527559999056, 92, 389786,                                             389786, 16.247079849243164, 87.08355712890625
1618, -3316.3607639074326, 3, 25.869824131001224, 213, 389999,                                             389999, 17.793466567993164, 87.01016998291016
1619, 2360.065380215645, 1, 17.102914128998236, 122, 390121,                                             390121, 16.298110961914062, 87.9391098022461
1620, 1555.20459613204, 1, 51.280901507001545, 364, 390485,                                             390485, 17.883100509643555, 87.7789077758789
1621, -2222.767891049385, 3, 6.338639819001401, 42, 390527,                                             390527, 15.985787391662598, 87.91136932373047
1622, 2060.8369695842266, 1, 24.220055230998696, 189, 390716,                                             390716, 18.362287521362305, 86.96070098876953
1623, 1937.68071860075, 1, 18.095853990998876, 143, 390859,                                             390859, 15.928218841552734, 86.70071411132812
1624, -2780.699888050556, 2, 20.399082806998194, 132, 390991,                                             390991, 18.493070602416992, 86.45362091064453
1625, 2138.776759058237, 1, 30.434112245002325, 166, 391157,                                             391157, 17.016769409179688, 87.15727233886719
1626, 1348.7193742394447, 1, 58.17424074899827, 318, 391475,                                             391475, 16.552684783935547, 87.1378402709961
1627, 2285.788830727339, 1, 18.68566752699917, 108, 391583,                                             391583, 18.13895034790039, 87.58833312988281
1628, 2293.5825937241316, 1, 37.394325493001816, 190, 391773,                                             391773, 18.46035385131836, 86.68904876708984
1629, 2015.4362322688103, 1, 46.10992204099966, 296, 392069,                                             392069, 17.727012634277344, 85.80704498291016
1630, 1607.9843716323376, 1, 46.856784124000114, 277, 392346,                                             392346, 17.95476722717285, 86.67374420166016
1631, 2422.623929619789, 1, 11.788903740001842, 76, 392422,                                             392422, 15.967781066894531, 83.61996459960938
1632, 2048.5914019346237, 1, 17.936231103001774, 131, 392553,                                             392553, 18.403518676757812, 88.33695220947266
1633, 565.4996727406979, 1, 55.58532537299834, 413, 392966,                                             392966, 17.330923080444336, 86.1454086303711
1634, 2188.3588750064373, 1, 25.598124447998998, 193, 393159,                                             393159, 17.132753372192383, 86.15594482421875
1635, 2399.7449647784233, 1, 12.526741915000457, 81, 393240,                                             393240, 19.55733871459961, 85.43423461914062
1636, 1595.1828273534775, 1, 37.48821023900018, 272, 393512,                                             393512, 17.755571365356445, 85.84100341796875
1637, 1931.2988752424717, 1, 55.78654840499803, 377, 393889,                                             393889, 18.294025421142578, 85.21051025390625
1638, 2282.8604123592377, 1, 15.565510570999322, 96, 393985,                                             393985, 14.436505317687988, 86.23897552490234
1639, 2007.795966744423, 1, 24.9686293770028, 157, 394142,                                             394142, 17.201217651367188, 84.4844741821289
1640, 1719.7157223820686, 1, 28.354474563999247, 207, 394349,                                             394349, 15.33552074432373, 86.13573455810547
1641, 2299.32351025939, 1, 16.974258312999154, 113, 394462,                                             394462, 17.85777473449707, 85.28463745117188
1642, 2418.848351418972, 1, 12.43856533700091, 86, 394548,                                             394548, 14.980034828186035, 83.80697631835938
1643, 2120.7203733325005, 1, 28.444494923001912, 205, 394753,                                             394753, 17.58077621459961, 86.51168060302734
1644, 2015.3101421892643, 1, 44.307325058998686, 247, 395000,                                             395000, 16.294694900512695, 84.60980224609375
1645, 1581.8974601179361, 1, 56.05329808899842, 321, 395321,                                             395321, 18.044992446899414, 86.15970611572266
1646, 1987.2337168455124, 1, 32.486311738997756, 206, 395527,                                             395527, 16.08041763305664, 85.82164001464844
1647, 1739.4017410576344, 1, 28.135237009002594, 191, 395718,                                             395718, 16.506288528442383, 84.25696563720703
1648, 1948.3251620531082, 1, 25.236115391002386, 168, 395886,                                             395886, 17.94839859008789, 85.73664855957031
1649, 2085.7081738114357, 1, 26.722170419001486, 186, 396072,                                             396072, 17.656837463378906, 85.29242706298828
1650, 2210.0229177474976, 1, 30.628692775000673, 218, 396290,                                             396290, 17.01287841796875, 86.310546875
1651, -2670.9952337145805, 2, 15.493116248999286, 108, 396398,                                             396398, 18.274160385131836, 84.88255310058594
1652, -2391.7108734846115, 3, 19.357403040001373, 130, 396528,                                             396528, 18.496597290039062, 85.72720336914062
1653, 1579.5758637487888, 1, 27.93359460300053, 202, 396730,                                             396730, 16.815509796142578, 85.90900421142578
1654, 2334.2685013115406, 1, 18.931204903001344, 151, 396881,                                             396881, 17.25027084350586, 84.49669647216797
